<?xml version="1.0" encoding="UTF-8"?>
<kml xmlns="http://www.opengis.net/kml/2.2">
  <Document>
    <name>FR24 41157efc</name>
    <Placemark>
      <name>FR24 41157efc</name>
      <Style><LineStyle><color>ff0000ff</color><width>4</width></LineStyle></Style>
      <LineString>
        <tessellate>1</tessellate>
        <coordinates>18.43529,-33.89915,0 18.43649,-33.89757,0 18.43683,-33.89682,0 18.43702,-33.89612,0 18.43723,-33.89506,0 18.43724,-33.89397,0 18.43723,-33.89291,0 18.43702,-33.89172,0 18.43683,-33.89077,0 18.43646,-33.88962,0 18.43609,-33.88849,0 18.43552,-33.88728,0 18.43494,-33.88612,0 18.43439,-33.88522,0 18.43366,-33.88403,0 18.43311,-33.88323,0 18.4322,-33.88193,0 18.43153,-33.88115,0 18.43037,-33.87997,0 18.42934,-33.87904,0 18.4285,-33.87831,0 18.42745,-33.8776,0 18.4259,-33.87672,0 18.42487,-33.8762,0 18.42312,-33.87561,0 18.42189,-33.87529,0 18.42093,-33.87506,0 18.41948,-33.87488,0 18.41778,-33.87471,0 18.41639,-33.87465,0 18.41522,-33.87465,0 18.41372,-33.87471,0 18.41253,-33.87479,0 18.41118,-33.87492,0 18.41006,-33.87506,0 18.40832,-33.87529,0 18.40725,-33.87546,0 18.40608,-33.8757,0 18.40462,-33.87602,0 18.40353,-33.87625,0 18.4025,-33.87648,0 18.40113,-33.87685,0 18.40004,-33.87718,0 18.39861,-33.87765,0 18.39706,-33.87811,0 18.39577,-33.87863,0 18.3947,-33.879,0 18.39369,-33.87937,0 18.39257,-33.87982,0 18.39156,-33.88019,0 18.39027,-33.88074,0 18.38905,-33.88128,0 18.38814,-33.88174,0 18.38699,-33.8823,0 18.38585,-33.883,0 18.38493,-33.88351,0 18.38373,-33.88421,0 18.38282,-33.88481,0 18.3819,-33.88537,0 18.38119,-33.88586,0 18.38013,-33.88659,0 18.37927,-33.88719,0 18.37847,-33.88775,0 18.37749,-33.88854,0 18.37665,-33.88916,0 18.37584,-33.88989,0 18.37508,-33.89053,0 18.37418,-33.89128,0 18.37351,-33.89191,0 18.37246,-33.89296,0 18.37183,-33.8936,0 18.37116,-33.89433,0 18.37049,-33.89502,0 18.3696,-33.89603,0 18.36892,-33.8968,0 18.36824,-33.89758,0 18.3676,-33.89836,0 18.3669,-33.89923,0 18.36628,-33.90001,0 18.3655,-33.90097,0 18.36494,-33.9017,0 18.36422,-33.90265,0 18.36365,-33.90344,0 18.36297,-33.90431,0 18.36245,-33.90502,0 18.36185,-33.90578,0 18.3613,-33.90651,0 18.36073,-33.90733,0 18.36017,-33.90816,0 18.35958,-33.90911,0 18.35913,-33.90995,0 18.35872,-33.91068,0 18.35821,-33.91167,0 18.3577,-33.91275,0 18.3572,-33.91356,0 18.35675,-33.91429,0 18.35615,-33.91521,0 18.35558,-33.91617,0 18.35513,-33.9169,0 18.35455,-33.91782,0 18.35409,-33.91856,0 18.35352,-33.91945,0 18.35295,-33.92033,0 18.35233,-33.9212,0 18.35171,-33.92198,0 18.3512,-33.92271,0 18.3507,-33.92345,0 18.35014,-33.92429,0 18.34969,-33.92509,0 18.34917,-33.92587,0 18.34863,-33.92674,0 18.34812,-33.92761,0 18.34757,-33.92853,0 18.34711,-33.92937,0 18.34672,-33.92995,0 18.34616,-33.93082,0 18.34557,-33.93169,0 18.34511,-33.93244,0 18.3447,-33.93311,0 18.3442,-33.93393,0 18.34368,-33.93491,0 18.34316,-33.93579,0 18.3427,-33.93663,0 18.3423,-33.93737,0 18.34179,-33.93832,0 18.34134,-33.93933,0 18.34089,-33.94016,0 18.34044,-33.94107,0 18.34007,-33.94203,0 18.33973,-33.94277,0 18.33938,-33.94373,0 18.33904,-33.94454,0 18.3387,-33.94542,0 18.33837,-33.94633,0 18.33809,-33.94707,0 18.33773,-33.94803,0 18.33742,-33.94881,0 18.3371,-33.94957,0 18.3368,-33.95027,0 18.33646,-33.95128,0 18.33624,-33.95218,0 18.33613,-33.95288,0 18.33618,-33.95375,0 18.33641,-33.95453,0 18.33996,-33.95618,0 18.34257,-33.95517,0 18.34482,-33.95292,0 18.34678,-33.95032,0 18.34734,-33.94938,0 18.34818,-33.94807,0 18.34885,-33.94698,0 18.34946,-33.94589,0 18.35009,-33.94487,0 18.35077,-33.94366,0 18.3514,-33.94245,0 18.35199,-33.94148,0 18.35261,-33.94034,0 18.3534,-33.93886,0 18.35386,-33.93802,0 18.35443,-33.937,0 18.3553,-33.93553,0 18.35591,-33.93448,0 18.35664,-33.93311,0 18.35724,-33.93206,0 18.35781,-33.931,0 18.35843,-33.9299,0 18.35924,-33.92844,0 18.35993,-33.92727,0 18.36056,-33.9262,0 18.36119,-33.92513,0 18.36197,-33.92372,0 18.36253,-33.92276,0 18.36337,-33.92116,0 18.3641,-33.91992,0 18.36466,-33.91891,0 18.36554,-33.91759,0 18.36611,-33.9167,0 18.36695,-33.91534,0 18.36754,-33.91442,0 18.3683,-33.91328,0 18.36897,-33.91228,0 18.36976,-33.91118,0 18.37051,-33.91,0 18.37105,-33.90916,0 18.37183,-33.908,0 18.37256,-33.90688,0 18.3732,-33.906,0 18.37406,-33.90479,0 18.37481,-33.90385,0 18.3757,-33.90271,0 18.37646,-33.90176,0 18.37744,-33.9006,0 18.37828,-33.89964,0 18.3791,-33.89874,0 18.3799,-33.8979,0 18.38093,-33.89692,0 18.38186,-33.89612,0 18.38247,-33.89557,0 18.3836,-33.8947,0 18.38478,-33.89378,0 18.38573,-33.89305,0 18.38676,-33.89231,0 18.38768,-33.89175,0 18.38888,-33.89096,0 18.38968,-33.89045,0 18.39077,-33.88984,0 18.39207,-33.88911,0 18.39306,-33.88863,0 18.39403,-33.88811,0 18.39537,-33.88747,0 18.39666,-33.88682,0 18.3979,-33.88623,0 18.39879,-33.88577,0 18.40004,-33.88519,0 18.40153,-33.88454,0 18.4025,-33.88407,0 18.40356,-33.88362,0 18.40479,-33.88314,0 18.40608,-33.88266,0 18.40719,-33.8823,0 18.40822,-33.88198,0 18.40928,-33.88174,0 18.41068,-33.88142,0 18.41166,-33.88128,0 18.41281,-33.8811,0 18.41423,-33.88095,0 18.41538,-33.88083,0 18.41652,-33.88072,0 18.41761,-33.88067,0 18.41892,-33.88058,0 18.41995,-33.88053,0 18.42099,-33.88055,0 18.42194,-33.88055,0 18.42301,-33.88065,0 18.4239,-33.88078,0 18.42475,-33.88097,0 18.42564,-33.88133,0 18.42636,-33.88179,0 18.42699,-33.88239,0 18.42739,-33.88291,0 18.42777,-33.88344,0 18.42805,-33.88399,0 18.42831,-33.88444,0 18.42859,-33.88505,0 18.42884,-33.88554,0 18.42912,-33.88614,0 18.42934,-33.88669,0 18.42957,-33.88724,0 18.42968,-33.88765,0 18.42985,-33.88829,0 18.42991,-33.88863,0 18.43002,-33.8891,0 18.43007,-33.88957,0 18.43007,-33.88985,0 18.43014,-33.8904,0 18.43013,-33.8909,0 18.43008,-33.89124,0 18.43008,-33.89161,0 18.42996,-33.89209,0 18.42991,-33.89245,0 18.42979,-33.89282,0 18.42968,-33.89338,0 18.42957,-33.89375,0 18.42939,-33.89426,0 18.42929,-33.89461,0 18.429,-33.89507,0 18.42878,-33.89548,0 18.42865,-33.89576,0 18.42854,-33.89608,0 18.42839,-33.8963,0 18.42825,-33.89659,0 18.42813,-33.89682,0 18.42794,-33.89717,0 18.42783,-33.89745,0 18.42773,-33.89785,0 18.4276,-33.89822,0 18.42749,-33.89854,0 18.42738,-33.89886,0 18.42732,-33.89928,0 18.42721,-33.8996,0 18.42716,-33.89981,0 18.4271,-33.90004,0 18.42693,-33.90027,0 18.42682,-33.90051,0 18.42699,-33.90074,0 18.42722,-33.90078,0 18.42745,-33.90074,0 18.42777,-33.90079,0 18.42813,-33.90083,0 18.42844,-33.90088,0 18.42865,-33.90092,0 18.42899,-33.90092,0 18.42922,-33.90097,0 18.42957,-33.90097,0 18.43029,-33.90097,0 18.43057,-33.90097,0 18.43097,-33.90092,0 18.43122,-33.90092,0 18.43151,-33.90092,0 18.4318,-33.90088,0 18.43225,-33.90078,0 18.4326,-33.90074,0 18.43288,-33.90069,0 18.43321,-33.9006,0 18.43343,-33.90056,0 18.43399,-33.90042,0 18.4346,-33.90018,0 18.43552,-33.89967,0 18.43618,-33.89909,0 18.43678,-33.89822,0 18.43713,-33.89731,0 18.43735,-33.89631,0 18.43735,-33.89524,0 18.43724,-33.89415,0 18.43702,-33.89296,0 18.43674,-33.89163,0 18.43655,-33.89077,0 18.43612,-33.8893,0 18.43562,-33.88788,0 18.43529,-33.88691,0 18.43461,-33.88545,0 18.43414,-33.88454,0 18.43332,-33.88321,0 18.43266,-33.88235,0 18.43168,-33.88128,0 18.43029,-33.88005,0 18.42928,-33.87932,0 18.42732,-33.87813,0 18.42625,-33.87765,0 18.4248,-33.87703,0 18.4235,-33.87667,0 18.4223,-33.87634,0 18.42075,-33.87606,0 18.41931,-33.87589,0 18.41818,-33.87579,0 18.41667,-33.8757,0 18.41578,-33.8757,0 18.41412,-33.87574,0 18.41286,-33.87583,0 18.41168,-33.87593,0 18.41063,-33.87606,0 18.40902,-33.87639,0 18.40759,-33.87667,0 18.40658,-33.87685,0 18.40513,-33.87718,0 18.40434,-33.8774,0 18.40283,-33.87781,0 18.40187,-33.87811,0 18.40061,-33.87848,0 18.39958,-33.87881,0 18.39838,-33.87923,0 18.3975,-33.87955,0 18.39644,-33.87996,0 18.39512,-33.88053,0 18.3942,-33.88095,0 18.39306,-33.88146,0 18.39226,-33.88188,0 18.391,-33.88253,0 18.38985,-33.88314,0 18.38888,-33.8837,0 18.38802,-33.88421,0 18.38691,-33.88486,0 18.38602,-33.88542,0 18.38511,-33.88598,0 18.38405,-33.88669,0 18.38322,-33.88724,0 18.38214,-33.88792,0 18.38108,-33.8887,0 18.38013,-33.88938,0 18.37904,-33.89022,0 18.37822,-33.89085,0 18.37738,-33.89152,0 18.3766,-33.89218,0 18.37572,-33.89291,0 18.3748,-33.89369,0 18.374,-33.89445,0 18.3732,-33.89515,0 18.37234,-33.89594,0 18.37161,-33.89658,0 18.37057,-33.89748,0 18.36988,-33.89817,0 18.36892,-33.89914,0 18.36819,-33.89992,0 18.3676,-33.9006,0 18.3669,-33.90134,0 18.36605,-33.90237,0 18.36544,-33.90308,0 18.36466,-33.90404,0 18.3641,-33.90482,0 18.36359,-33.90536,0 18.36281,-33.90633,0 18.3621,-33.90725,0 18.3614,-33.90807,0 18.36084,-33.90874,0 18.36012,-33.90958,0 18.3595,-33.91031,0 18.359,-33.9109,0 18.35843,-33.91164,0 18.35776,-33.91246,0 18.3572,-33.91324,0 18.3567,-33.91388,0 18.35621,-33.91452,0 18.35564,-33.91526,0 18.35501,-33.91612,0 18.35457,-33.91681,0 18.35409,-33.91754,0 18.35358,-33.91833,0 18.35316,-33.91901,0 18.35272,-33.91969,0 18.35233,-33.92033,0 18.35169,-33.92141,0 18.35123,-33.92206,0 18.35072,-33.92294,0 18.35025,-33.92372,0 18.34975,-33.92455,0 18.34934,-33.92517,0 18.34874,-33.92619,0 18.34734,-33.92848,0 18.34694,-33.92908,0 18.34654,-33.92974,0 18.34602,-33.93053,0 18.34549,-33.9315,0 18.34504,-33.93228,0 18.34465,-33.93301,0 18.34425,-33.9337,0 18.34385,-33.93449,0 18.34339,-33.93537,0 18.34296,-33.93626,0 18.34259,-33.937,0 18.34229,-33.93759,0 18.34185,-33.93849,0 18.34134,-33.93938,0 18.34087,-33.94026,0 18.34059,-33.94082,0 18.33996,-33.94184,0 18.33949,-33.94272,0 18.33898,-33.94345,0 18.33858,-33.94408,0 18.3382,-33.94473,0 18.33755,-33.94575,0 18.33719,-33.94638,0 18.33664,-33.94724,0 18.33612,-33.94808,0 18.33567,-33.94883,0 18.33527,-33.94948,0 18.33484,-33.95013,0 18.33435,-33.95097,0 18.33383,-33.95174,0 18.33338,-33.95242,0 18.33298,-33.95316,0 18.33258,-33.9538,0 18.33189,-33.95497,0 18.32977,-33.95846,0 18.32867,-33.96025,0 18.32643,-33.96382,0 18.32424,-33.9673,0 18.32216,-33.97061,0 18.32004,-33.97435,0 18.31804,-33.97806,0 18.31667,-33.98085,0 18.3155,-33.98332,0 18.31347,-33.98783,0 18.31226,-33.99054,0 18.31085,-33.9933,0 18.30984,-33.9955,0 18.3081,-33.99966,0 18.30769,-34.00045,0 18.30726,-34.00122,0 18.30681,-34.00204,0 18.30496,-34.00493,0 18.30379,-34.00655,0 18.30282,-34.00809,0 18.30182,-34.00987,0 18.30093,-34.01167,0 18.30025,-34.01344,0 18.2995,-34.0154,0 18.29899,-34.01735,0 18.29853,-34.01912,0 18.29802,-34.02117,0 18.29756,-34.02293,0 18.29717,-34.02489,0 18.29693,-34.02671,0 18.2967,-34.02857,0 18.29653,-34.02964,0 18.2965,-34.03015,0 18.29627,-34.03125,0 18.29607,-34.03215,0 18.29567,-34.03285,0 18.29521,-34.03327,0 18.29448,-34.03368,0 18.29315,-34.03383,0 18.29218,-34.03372,0 18.29063,-34.03299,0 18.28926,-34.03134,0 18.28882,-34.03024,0 18.28882,-34.02576,0 18.28978,-34.02233,0 18.29098,-34.01931,0 18.29184,-34.01738,0 18.29566,-34.01097,0 18.2975,-34.00813,0 18.29939,-34.00539,0 18.30128,-34.00264,0 18.30311,-34.00013,0 18.30402,-33.99901,0 18.30448,-33.9984,0 18.30551,-33.99701,0 18.30866,-33.99271,0 18.31038,-33.99035,0 18.31219,-33.98785,0 18.316,-33.98232,0 18.31937,-33.9771,0 18.32278,-33.97169,0 18.3262,-33.96616,0 18.32805,-33.96341,0 18.32994,-33.96074,0 18.33187,-33.95815,0 18.33366,-33.95572,0 18.33652,-33.95197,0 18.34033,-33.94684,0 18.34259,-33.94357,0 18.34666,-33.93736,0 18.3482,-33.93504,0 18.34906,-33.93379,0 18.35135,-33.93034,0 18.3539,-33.92665,0 18.35541,-33.92439,0 18.35602,-33.9234,0 18.35707,-33.92183,0 18.35765,-33.92097,0 18.35832,-33.91997,0 18.35905,-33.91887,0 18.35987,-33.91768,0 18.36045,-33.91676,0 18.36136,-33.91545,0 18.36225,-33.91415,0 18.36296,-33.91317,0 18.36359,-33.91219,0 18.36432,-33.91118,0 18.36514,-33.91005,0 18.36583,-33.90907,0 18.36656,-33.90807,0 18.36724,-33.90715,0 18.36802,-33.90605,0 18.36885,-33.90493,0 18.3697,-33.90381,0 18.37049,-33.9028,0 18.3712,-33.90185,0 18.37206,-33.90078,0 18.3728,-33.89994,0 18.37372,-33.89887,0 18.37458,-33.89808,0 18.37566,-33.89701,0 18.37643,-33.89635,0 18.37738,-33.89552,0 18.37856,-33.89447,0 18.37979,-33.89351,0 18.3808,-33.89282,0 18.38209,-33.89191,0 18.38299,-33.89131,0 18.38425,-33.8905,0 18.38551,-33.88971,0 18.38674,-33.88898,0 18.38785,-33.8884,0 18.38888,-33.88784,0 18.38994,-33.88728,0 18.39123,-33.88664,0 18.39257,-33.886,0 18.39363,-33.8855,0 18.39464,-33.88504,0 18.39575,-33.88458,0 18.39694,-33.88408,0 18.39815,-33.88361,0 18.39924,-33.88319,0 18.40073,-33.88263,0 18.40154,-33.88239,0 18.40284,-33.88193,0 18.40417,-33.88152,0 18.40524,-33.8812,0 18.40608,-33.88097,0 18.40765,-33.88053,0 18.40883,-33.88028,0 18.40982,-33.88002,0 18.41091,-33.87979,0 18.41224,-33.8795,0 18.4132,-33.87932,0 18.41452,-33.87909,0 18.41589,-33.8789,0 18.41701,-33.87881,0 18.41818,-33.87877,0 18.41942,-33.87881,0 18.42032,-33.87891,0 18.42155,-33.87914,0 18.42247,-33.87941,0 18.42327,-33.87979,0 18.42413,-33.88028,0 18.4248,-33.88087,0 18.42531,-33.88152,0 18.4257,-33.88211,0 18.42602,-33.88263,0 18.42642,-33.88356,0 18.42659,-33.88412,0 18.42682,-33.88472,0 18.42699,-33.88537,0 18.4271,-33.88573,0 18.42727,-33.88637,0 18.42738,-33.88687,0 18.42749,-33.88733,0 18.4276,-33.88788,0 18.42772,-33.88834,0 18.42785,-33.88882,0 18.42791,-33.88924,0 18.42791,-33.88961,0 18.428,-33.89008,0 18.428,-33.89049,0 18.428,-33.89085,0 18.428,-33.89117,0 18.42802,-33.89157,0 18.428,-33.89195,0 18.42796,-33.89227,0 18.42794,-33.89264,0 18.42794,-33.89291,0 18.42788,-33.89337,0 18.42785,-33.89371,0 18.42788,-33.89406,0 18.42785,-33.89436,0 18.42785,-33.89487,0 18.42779,-33.89515,0 18.42777,-33.89548,0 18.42773,-33.89589,0 18.42772,-33.89616,0 18.42773,-33.89655,0 18.42772,-33.89694,0 18.42773,-33.89715,0 18.42768,-33.89748,0 18.42768,-33.8978,0 18.42762,-33.89804,0 18.42755,-33.89832,0 18.42751,-33.89859,0 18.42743,-33.89896,0 18.42733,-33.89943,0 18.42728,-33.89976,0 18.42716,-33.89999,0 18.42693,-33.90028,0 18.42682,-33.90051,0 18.42693,-33.90074,0 18.42715,-33.90079,0 18.42738,-33.90074,0 18.42762,-33.90078,0 18.42791,-33.90092,0 18.42816,-33.90102,0 18.42839,-33.90111,0 18.42876,-33.90125,0 18.42917,-33.90134,0 18.42939,-33.90139,0 18.42974,-33.90148,0 18.43008,-33.90157,0 18.43031,-33.90162,0 18.4306,-33.90171,0 18.43085,-33.90175,0 18.43136,-33.90184,0 18.43197,-33.90185,0 18.4322,-33.90189,0 18.43254,-33.90185,0 18.43283,-33.90185,0 18.43321,-33.90179,0 18.43369,-33.90171,0 18.43399,-33.90166,0 18.43433,-33.90157,0 18.43483,-33.90143,0 18.43512,-33.90129,0 18.43546,-33.90115,0 18.4358,-33.90102,0 18.43632,-33.90069,0 18.43719,-33.89992,0 18.43763,-33.89939,0 18.43821,-33.89855,0 18.43859,-33.89763,0 18.43884,-33.89669,0 18.43895,-33.89603,0 18.43898,-33.89507,0 18.43898,-33.89415,0 18.43889,-33.89324,0 18.43878,-33.89227,0 18.43849,-33.8911,0 18.43832,-33.89022,0 18.43803,-33.88933,0 18.43763,-33.88817,0 18.43718,-33.88705,0 18.43678,-33.88626,0 18.43615,-33.88519,0 18.43567,-33.8844,0 18.43511,-33.88362,0 18.43443,-33.88268,0 18.43369,-33.88188,0 18.43293,-33.88124,0 18.43186,-33.88046,0 18.43094,-33.87993,0 18.4299,-33.87936,0 18.42895,-33.87895,0 18.42785,-33.87853,0 18.42659,-33.87816,0 18.42556,-33.87793,0 18.4248,-33.87781,0 18.42327,-33.87755,0 18.42207,-33.87741,0 18.42104,-33.87732,0 18.41967,-33.87723,0 18.41852,-33.87712,0 18.4174,-33.87708,0 18.41617,-33.87703,0 18.41494,-33.87698,0 18.41393,-33.87694,0 18.41258,-33.87694,0 18.41152,-33.87698,0 18.41045,-33.87708,0 18.40919,-33.87718,0 18.40827,-33.8773,0 18.40708,-33.87746,0 18.40586,-33.87767,0 18.40473,-33.87785,0 18.40384,-33.87804,0 18.4025,-33.87835,0 18.4013,-33.87862,0 18.40015,-33.8789,0 18.39896,-33.87927,0 18.39812,-33.8795,0 18.39717,-33.87982,0 18.39599,-33.88023,0 18.39483,-33.88067,0 18.39375,-33.8811,0 18.393,-33.88146,0 18.39203,-33.88188,0 18.39111,-33.88234,0 18.38988,-33.88298,0 18.38893,-33.88348,0 18.38785,-33.88407,0 18.38694,-33.88463,0 18.38624,-33.88504,0 18.38528,-33.88564,0 18.38448,-33.88612,0 18.38345,-33.88677,0 18.38243,-33.88742,0 18.38153,-33.88797,0 18.38052,-33.88866,0 18.37961,-33.88929,0 18.37858,-33.89003,0 18.37783,-33.89058,0 18.37693,-33.89131,0 18.37609,-33.89195,0 18.37531,-33.89264,0 18.37441,-33.89342,0 18.37349,-33.89422,0 18.37275,-33.89487,0 18.37166,-33.89584,0 18.37091,-33.8965,0 18.37,-33.89729,0 18.36914,-33.89808,0 18.36847,-33.89864,0 18.36752,-33.89946,0 18.36679,-33.90013,0 18.36611,-33.90074,0 18.36522,-33.90147,0 18.36432,-33.90225,0 18.36365,-33.90285,0 18.36286,-33.90353,0 18.36202,-33.90431,0 18.36129,-33.90504,0 18.36056,-33.90572,0 18.35993,-33.90632,0 18.3593,-33.90702,0 18.35873,-33.90758,0 18.3581,-33.90825,0 18.35735,-33.90902,0 18.35692,-33.90948,0 18.35619,-33.91026,0 18.35563,-33.9109,0 18.35506,-33.91149,0 18.35434,-33.91228,0 18.35363,-33.91302,0 18.35311,-33.91365,0 18.35244,-33.91438,0 18.35175,-33.91517,0 18.35137,-33.91566,0 18.3506,-33.91656,0 18.35014,-33.91717,0 18.34958,-33.91786,0 18.34883,-33.91875,0 18.34829,-33.91946,0 18.34778,-33.92015,0 18.34728,-33.9208,0 18.34661,-33.92166,0 18.34597,-33.92252,0 18.34539,-33.92331,0 18.34482,-33.92401,0 18.34414,-33.9248,0 18.34339,-33.92546,0 18.34263,-33.92596,0 18.34179,-33.92648,0 18.34083,-33.92697,0 18.33979,-33.92732,0 18.33853,-33.9276,0 18.33761,-33.92769,0 18.33635,-33.92766,0 18.33527,-33.92746,0 18.33383,-33.92702,0 18.33286,-33.92653,0 18.33183,-33.92578,0 18.3308,-33.92485,0 18.32996,-33.92381,0 18.32934,-33.92267,0 18.32903,-33.92154,0 18.32901,-33.9201,0 18.32923,-33.9191,0 18.32985,-33.91786,0 18.33046,-33.91698,0 18.3313,-33.91617,0 18.33206,-33.91558,0 18.33315,-33.91498,0 18.33395,-33.91461,0 18.33506,-33.91434,0 18.33572,-33.91424,0 18.3368,-33.91425,0 18.33775,-33.91438,0 18.33837,-33.91457,0 18.33916,-33.91498,0 18.33988,-33.91553,0 18.34044,-33.91621,0 18.34082,-33.91689,0 18.34106,-33.9175,0 18.34127,-33.91838,0 18.34139,-33.91912,0 18.34134,-33.91992,0 18.34128,-33.92065,0 18.34116,-33.92131,0 18.34087,-33.92225,0 18.34053,-33.92318,0 18.34022,-33.92395,0 18.33988,-33.92468,0 18.33943,-33.92555,0 18.33899,-33.92634,0 18.33841,-33.92751,0 18.33792,-33.9283,0 18.3373,-33.92935,0 18.33674,-33.93027,0 18.3363,-33.931,0 18.33579,-33.93178,0 18.33523,-33.93274,0 18.33472,-33.93347,0 18.33418,-33.93444,0 18.33355,-33.93542,0 18.33299,-33.9364,0 18.33252,-33.93719,0 18.33203,-33.938,0 18.3316,-33.93877,0 18.33138,-33.93919,0 18.33041,-33.94057,0 18.32968,-33.94162,0 18.32909,-33.94249,0 18.32856,-33.94327,0 18.32794,-33.94417,0 18.32743,-33.94487,0 18.3268,-33.9458,0 18.32623,-33.94664,0 18.32564,-33.94753,0 18.3252,-33.94821,0 18.32447,-33.9494,0 18.32394,-33.95022,0 18.3234,-33.9511,0 18.32308,-33.95171,0 18.32228,-33.95293,0 18.3215,-33.9543,0 18.32099,-33.95512,0 18.32049,-33.95604,0 18.32016,-33.95669,0 18.31844,-33.96,0 18.31746,-33.96204,0 18.31567,-33.96602,0 18.31415,-33.96991,0 18.31337,-33.97179,0 18.31186,-33.97545,0 18.31045,-33.97906,0 18.309,-33.98291,0 18.30737,-33.98671,0 18.30557,-33.99058,0 18.30391,-33.99435,0 18.30334,-33.99622,0 18.30277,-33.99815,0 18.30191,-34.00175,0 18.3016,-34.00356,0 18.30116,-34.00767,0 18.30081,-34.01193,0 18.30053,-34.01381,0 18.29986,-34.0182,0 18.29836,-34.02284,0 18.29704,-34.02573,0 18.29521,-34.02914,0 18.29397,-34.03166,0 18.29327,-34.03336,0 18.29302,-34.03423,0 18.29274,-34.03514,0 18.29252,-34.03588,0 18.29235,-34.03681,0 18.29224,-34.03748,0 18.29207,-34.03853,0 18.29189,-34.03955,0 18.29184,-34.04027,0 18.29173,-34.04105,0 18.29166,-34.04174,0 18.29156,-34.04301,0 18.29149,-34.04388,0 18.29144,-34.04458,0 18.29144,-34.04547,0 18.2914,-34.04649,0 18.2914,-34.04727,0 18.29138,-34.04817,0 18.2914,-34.04897,0 18.29144,-34.0498,0 18.29144,-34.05073,0 18.29145,-34.05153,0 18.29151,-34.0524,0 18.29155,-34.0532,0 18.29162,-34.05492,0 18.29178,-34.05753,0 18.29184,-34.05827,0 18.29201,-34.06,0 18.29235,-34.06269,0 18.29247,-34.06339,0 18.29263,-34.06439,0 18.29274,-34.06494,0 18.29292,-34.0659,0 18.29302,-34.06659,0 18.29321,-34.06749,0 18.29338,-34.06823,0 18.29361,-34.06935,0 18.29381,-34.07011,0 18.29401,-34.07093,0 18.29424,-34.07167,0 18.29447,-34.07251,0 18.2947,-34.07321,0 18.29493,-34.07414,0 18.29504,-34.07484,0 18.29482,-34.07602,0 18.29442,-34.07689,0 18.29392,-34.07748,0 18.29313,-34.07813,0 18.29224,-34.07858,0 18.29111,-34.07895,0 18.28994,-34.07904,0 18.28843,-34.0789,0 18.28719,-34.07858,0 18.28618,-34.07803,0 18.28503,-34.07712,0 18.28411,-34.07602,0 18.28344,-34.07492,0 18.28316,-34.07419,0 18.28291,-34.07251,0 18.28302,-34.0714,0 18.28332,-34.0703,0 18.28394,-34.06921,0 18.28489,-34.06805,0 18.28566,-34.06744,0 18.28686,-34.06682,0 18.28783,-34.06646,0 18.28869,-34.06632,0 18.28989,-34.06632,0 18.29086,-34.06646,0 18.29168,-34.06677,0 18.29258,-34.0673,0 18.29315,-34.06786,0 18.29381,-34.06888,0 18.29409,-34.06956,0 18.29431,-34.07039,0 18.29453,-34.07135,0 18.2947,-34.07219,0 18.29487,-34.07302,0 18.29493,-34.07373,0 18.2951,-34.07494,0 18.29521,-34.07577,0 18.29527,-34.07652,0 18.29533,-34.07735,0 18.29544,-34.07824,0 18.29549,-34.07904,0 18.29556,-34.07987,0 18.29567,-34.08075,0 18.29578,-34.08168,0 18.29588,-34.08261,0 18.29596,-34.0835,0 18.29601,-34.08424,0 18.29607,-34.08508,0 18.29613,-34.08601,0 18.29622,-34.08682,0 18.29627,-34.08769,0 18.2963,-34.08867,0 18.29636,-34.08941,0 18.29647,-34.09183,0 18.29659,-34.09421,0 18.29672,-34.09744,0 18.29699,-34.10068,0 18.29723,-34.10321,0 18.2975,-34.10582,0 18.29784,-34.10875,0 18.29824,-34.11124,0 18.29859,-34.11367,0 18.29896,-34.11617,0 18.29933,-34.11916,0 18.29963,-34.12161,0 18.2998,-34.12257,0 18.29992,-34.1234,0 18.30025,-34.12507,0 18.30042,-34.12614,0 18.30059,-34.12712,0 18.30076,-34.12782,0 18.30128,-34.13066,0 18.30193,-34.13361,0 18.30255,-34.13585,0 18.30282,-34.13666,0 18.30299,-34.13731,0 18.30328,-34.13806,0 18.30351,-34.13881,0 18.30373,-34.13942,0 18.30412,-34.14043,0 18.30442,-34.14118,0 18.30474,-34.14194,0 18.30496,-34.14258,0 18.3053,-34.14345,0 18.30558,-34.14413,0 18.30585,-34.1449,0 18.30619,-34.1456,0 18.30653,-34.14647,0 18.30715,-34.14784,0 18.3074,-34.14849,0 18.30787,-34.14935,0 18.30832,-34.15026,0 18.30957,-34.15254,0 18.31001,-34.15329,0 18.31043,-34.15398,0 18.31089,-34.15477,0 18.31135,-34.15549,0 18.31186,-34.15635,0 18.31219,-34.15691,0 18.31275,-34.15782,0 18.31331,-34.15865,0 18.31359,-34.1591,0 18.31518,-34.16171,0 18.3161,-34.1632,0 18.31651,-34.16396,0 18.31684,-34.16459,0 18.31816,-34.16702,0 18.31856,-34.16776,0 18.31884,-34.16827,0 18.31936,-34.16925,0 18.31964,-34.16972,0 18.32015,-34.17073,0 18.32153,-34.17321,0 18.32273,-34.17531,0 18.32335,-34.17641,0 18.32582,-34.18093,0 18.32705,-34.18327,0 18.32822,-34.18542,0 18.32857,-34.1862,0 18.3289,-34.18689,0 18.32926,-34.18773,0 18.32957,-34.18835,0 18.32985,-34.189,0 18.33024,-34.18982,0 18.33052,-34.19046,0 18.33075,-34.19094,0 18.33115,-34.19173,0 18.33223,-34.19406,0 18.33321,-34.19623,0 18.33355,-34.19691,0 18.33389,-34.19774,0 18.33416,-34.19838,0 18.33464,-34.19932,0 18.33498,-34.20012,0 18.33521,-34.20063,0 18.33578,-34.20174,0 18.33601,-34.20232,0 18.33635,-34.20304,0 18.33675,-34.20393,0 18.33714,-34.20483,0 18.33742,-34.20543,0 18.33775,-34.20621,0 18.33807,-34.20691,0 18.33831,-34.20753,0 18.33904,-34.20923,0 18.33933,-34.20989,0 18.33973,-34.21077,0 18.34042,-34.21222,0 18.34185,-34.21524,0 18.34246,-34.21678,0 18.3428,-34.21765,0 18.34316,-34.2185,0 18.34351,-34.21934,0 18.34381,-34.21999,0 18.3442,-34.22099,0 18.34448,-34.22186,0 18.34476,-34.22255,0 18.34509,-34.22337,0 18.34539,-34.22409,0 18.34571,-34.22507,0 18.34599,-34.2258,0 18.34631,-34.22674,0 18.3466,-34.22749,0 18.34694,-34.22846,0 18.34723,-34.22926,0 18.34745,-34.22987,0 18.34774,-34.2307,0 18.34812,-34.23157,0 18.34846,-34.23248,0 18.34879,-34.23317,0 18.34911,-34.23391,0 18.34941,-34.23454,0 18.34986,-34.2355,0 18.35026,-34.23638,0 18.35064,-34.2372,0 18.35104,-34.23802,0 18.35143,-34.23875,0 18.3518,-34.2395,0 18.35227,-34.24049,0 18.3526,-34.24122,0 18.35294,-34.24191,0 18.35421,-34.24453,0 18.35535,-34.24685,0 18.35658,-34.24919,0 18.35782,-34.25148,0 18.35911,-34.25381,0 18.36079,-34.25686,0 18.36236,-34.25958,0 18.36415,-34.26274,0 18.36572,-34.26572,0 18.36712,-34.26819,0 18.3688,-34.27129,0 18.37023,-34.27385,0 18.37189,-34.27674,0 18.37346,-34.27913,0 18.37396,-34.27991,0 18.37447,-34.28064,0 18.3823,-34.2914,0 18.38405,-34.29382,0 18.38556,-34.29593,0 18.38719,-34.29836,0 18.38768,-34.29904,0 18.38865,-34.30037,0 18.38905,-34.30099,0 18.38966,-34.30179,0 18.3902,-34.30257,0 18.39083,-34.30334,0 18.39134,-34.30411,0 18.39184,-34.30476,0 18.3924,-34.30545,0 18.39306,-34.30625,0 18.39386,-34.30718,0 18.39437,-34.30779,0 18.39498,-34.30852,0 18.39565,-34.3093,0 18.39626,-34.30993,0 18.39689,-34.31072,0 18.3975,-34.3114,0 18.39806,-34.31204,0 18.39901,-34.31305,0 18.39975,-34.31389,0 18.4005,-34.31459,0 18.4007,-34.31474,0 18.40227,-34.31631,0 18.40302,-34.31701,0 18.40356,-34.31749,0 18.4049,-34.31868,0 18.40541,-34.31914,0 18.40602,-34.31969,0 18.40698,-34.32056,0 18.40765,-34.32115,0 18.40799,-34.32143,0 18.4114,-34.32449,0 18.41217,-34.32515,0 18.41281,-34.32573,0 18.41555,-34.3282,0 18.41784,-34.33009,0 18.41852,-34.33065,0 18.41938,-34.3313,0 18.42007,-34.33186,0 18.42093,-34.33251,0 18.42173,-34.33316,0 18.42247,-34.33377,0 18.42323,-34.33443,0 18.42402,-34.33502,0 18.42464,-34.33553,0 18.42564,-34.3363,0 18.42632,-34.33685,0 18.42699,-34.3374,0 18.42777,-34.338,0 18.42848,-34.33856,0 18.42912,-34.33905,0 18.43002,-34.33973,0 18.431,-34.34047,0 18.43186,-34.34111,0 18.43242,-34.34152,0 18.43321,-34.34216,0 18.43399,-34.34271,0 18.43483,-34.34326,0 18.43567,-34.34381,0 18.4364,-34.34422,0 18.43706,-34.3447,0 18.43792,-34.34526,0 18.43881,-34.34596,0 18.43949,-34.34642,0 18.44049,-34.34713,0 18.44112,-34.34755,0 18.44184,-34.34807,0 18.44274,-34.34866,0 18.44336,-34.34913,0 18.44427,-34.34973,0 18.44509,-34.35036,0 18.44576,-34.35085,0 18.44655,-34.35146,0 18.44713,-34.35192,0 18.44778,-34.35237,0 18.44845,-34.35294,0 18.44924,-34.35356,0 18.44986,-34.35411,0 18.45057,-34.35467,0 18.45137,-34.35537,0 18.45182,-34.35574,0 18.45263,-34.35648,0 18.45316,-34.35704,0 18.45406,-34.35793,0 18.45479,-34.3586,0 18.45509,-34.35895,0 18.45602,-34.35979,0 18.45686,-34.36053,0 18.45755,-34.36109,0 18.45843,-34.3618,0 18.45899,-34.36226,0 18.45978,-34.36281,0 18.46064,-34.36333,0 18.46161,-34.36388,0 18.46241,-34.36435,0 18.46355,-34.36486,0 18.4647,-34.36538,0 18.46561,-34.36569,0 18.46656,-34.36606,0 18.46779,-34.36642,0 18.46903,-34.36674,0 18.47031,-34.36705,0 18.47161,-34.36734,0 18.473,-34.36761,0 18.47413,-34.36775,0 18.47557,-34.36794,0 18.47643,-34.36803,0 18.47783,-34.36816,0 18.47895,-34.36826,0 18.48032,-34.36831,0 18.48147,-34.3683,0 18.48259,-34.3683,0 18.48381,-34.36826,0 18.485,-34.36826,0 18.48587,-34.36821,0 18.48719,-34.36817,0 18.48853,-34.36807,0 18.48965,-34.36798,0 18.49117,-34.36784,0 18.49216,-34.3677,0 18.4936,-34.36752,0 18.49504,-34.36729,0 18.49604,-34.36716,0 18.49745,-34.36693,0 18.49896,-34.36665,0 18.50006,-34.36649,0 18.50165,-34.36629,0 18.50275,-34.36626,0 18.50412,-34.36633,0 18.50524,-34.36656,0 18.50636,-34.36697,0 18.50721,-34.36752,0 18.5079,-34.36817,0 18.50832,-34.36894,0 18.50847,-34.36989,0 18.50832,-34.37068,0 18.50793,-34.37141,0 18.50709,-34.37224,0 18.50613,-34.37292,0 18.50487,-34.37347,0 18.50322,-34.37389,0 18.50199,-34.37411,0 18.50029,-34.37422,0 18.49874,-34.37422,0 18.49739,-34.37416,0 18.49594,-34.37403,0 18.49431,-34.37389,0 18.49302,-34.3737,0 18.49159,-34.37352,0 18.49028,-34.37333,0 18.48898,-34.37311,0 18.48764,-34.37287,0 18.48579,-34.3726,0 18.48438,-34.37238,0 18.48267,-34.37217,0 18.48141,-34.37198,0 18.48052,-34.37183,0 18.47855,-34.37152,0 18.47693,-34.37132,0 18.47592,-34.37119,0 18.47418,-34.37105,0 18.47273,-34.371,0 18.47157,-34.37105,0 18.47019,-34.37138,0 18.46956,-34.37166,0 18.46848,-34.3725,0 18.46807,-34.37324,0 18.46796,-34.37407,0 18.46825,-34.37497,0 18.46888,-34.37571,0 18.46976,-34.37617,0 18.47082,-34.37645,0 18.47194,-34.37654,0 18.473,-34.37641,0 18.47431,-34.37608,0 18.47553,-34.37567,0 18.47689,-34.3751,0 18.47828,-34.37448,0 18.47962,-34.37389,0 18.48102,-34.37325,0 18.48209,-34.37278,0 18.48358,-34.37212,0 18.48472,-34.3716,0 18.48584,-34.37105,0 18.48719,-34.37035,0 18.48831,-34.36977,0 18.48936,-34.36919,0 18.49066,-34.36839,0 18.49173,-34.36775,0 18.49302,-34.36691,0 18.49447,-34.36597,0 18.49548,-34.36523,0 18.4966,-34.36441,0 18.49784,-34.36336,0 18.49901,-34.36217,0 18.49977,-34.36123,0 18.50069,-34.35988,0 18.50131,-34.35869,0 18.50183,-34.35732,0 18.50221,-34.35608,0 18.50252,-34.35453,0 18.50269,-34.35327,0 18.50277,-34.35182,0 18.50275,-34.35062,0 18.50269,-34.34936,0 18.50255,-34.34766,0 18.50238,-34.34637,0 18.50224,-34.34494,0 18.50206,-34.34364,0 18.50187,-34.34216,0 18.50161,-34.34047,0 18.50143,-34.33921,0 18.50115,-34.33758,0 18.50092,-34.33617,0 18.50064,-34.33452,0 18.50035,-34.33311,0 18.50012,-34.33172,0 18.49989,-34.33027,0 18.49969,-34.32893,0 18.49955,-34.32776,0 18.49943,-34.32664,0 18.49926,-34.32497,0 18.49909,-34.32334,0 18.49896,-34.32184,0 18.49885,-34.32056,0 18.49874,-34.31938,0 18.49863,-34.31757,0 18.49857,-34.31593,0 18.49851,-34.31465,0 18.49846,-34.313,0 18.4984,-34.31172,0 18.49829,-34.31012,0 18.49823,-34.30893,0 18.49817,-34.30732,0 18.49806,-34.30606,0 18.498,-34.30467,0 18.49789,-34.30307,0 18.49783,-34.30202,0 18.49767,-34.30042,0 18.4976,-34.29922,0 18.4975,-34.29781,0 18.49743,-34.29648,0 18.49739,-34.29515,0 18.49733,-34.29364,0 18.49726,-34.29233,0 18.49722,-34.29076,0 18.49717,-34.28975,0 18.49711,-34.28838,0 18.49705,-34.28673,0 18.49703,-34.28526,0 18.49694,-34.28389,0 18.49691,-34.28256,0 18.49683,-34.28091,0 18.49672,-34.27794,0 18.49649,-34.2719,0 18.49634,-34.26757,0 18.4961,-34.26343,0 18.49576,-34.25871,0 18.49537,-34.25322,0 18.49515,-34.25024,0 18.49475,-34.24576,0 18.49431,-34.24109,0 18.49391,-34.23642,0 18.49352,-34.23216,0 18.49308,-34.228,0 18.4924,-34.22209,0 18.4919,-34.21655,0 18.49148,-34.21245,0 18.49105,-34.20795,0 18.49062,-34.20356,0 18.49022,-34.19957,0 18.48993,-34.19513,0 18.49005,-34.1933,0 18.49016,-34.19169,0 18.49016,-34.19053,0 18.49005,-34.18885,0 18.48977,-34.18726,0 18.48936,-34.18563,0 18.48898,-34.18433,0 18.48862,-34.18307,0 18.48825,-34.18149,0 18.48797,-34.18021,0 18.48769,-34.17865,0 18.48741,-34.17709,0 18.48724,-34.17563,0 18.48701,-34.174,0 18.48685,-34.17247,0 18.48673,-34.17097,0 18.48663,-34.16959,0 18.48657,-34.1683,0 18.48646,-34.16702,0 18.4864,-34.1657,0 18.48635,-34.164,0 18.48633,-34.16264,0 18.48627,-34.1612,0 18.48629,-34.15984,0 18.48627,-34.15836,0 18.48621,-34.15705,0 18.48618,-34.1553,0 18.48618,-34.15398,0 18.48612,-34.15233,0 18.48604,-34.15096,0 18.48584,-34.14693,0 18.48547,-34.14192,0 18.48518,-34.13783,0 18.4849,-34.1335,0 18.48444,-34.1277,0 18.4841,-34.12326,0 18.48354,-34.1179,0 18.48315,-34.11378,0 18.48276,-34.10902,0 18.48259,-34.10669,0 18.48227,-34.10082,0 18.48204,-34.09458,0 18.48175,-34.08907,0 18.48164,-34.0848,0 18.48164,-34.08014,0 18.48169,-34.07838,0 18.48175,-34.07722,0 18.48186,-34.0757,0 18.48204,-34.07396,0 18.48214,-34.07245,0 18.48227,-34.07084,0 18.48244,-34.06916,0 18.48255,-34.06786,0 18.48276,-34.06613,0 18.48284,-34.06493,0 18.48295,-34.06302,0 18.48315,-34.06027,0 18.48324,-34.05892,0 18.48375,-34.05287,0 18.48392,-34.05003,0 18.48404,-34.04849,0 18.4841,-34.04705,0 18.48433,-34.0443,0 18.48466,-34.03848,0 18.48478,-34.03386,0 18.48478,-34.02956,0 18.48484,-34.02485,0 18.48483,-34.02045,0 18.48478,-34.01623,0 18.48478,-34.01161,0 18.4849,-34.00581,0 18.485,-34.00159,0 18.4853,-33.99529,0 18.48556,-33.99074,0 18.48587,-33.98583,0 18.48595,-33.98405,0 18.48595,-33.98273,0 18.48601,-33.98099,0 18.48604,-33.97974,0 18.4861,-33.97806,0 18.48612,-33.97517,0 18.48607,-33.97389,0 18.48604,-33.97229,0 18.48598,-33.97098,0 18.48593,-33.96945,0 18.48581,-33.96805,0 18.48576,-33.96661,0 18.48556,-33.96487,0 18.48551,-33.96396,0 18.4853,-33.96204,0 18.48523,-33.9608,0 18.48507,-33.95893,0 18.48495,-33.95749,0 18.48483,-33.95599,0 18.48472,-33.95457,0 18.48455,-33.95302,0 18.48438,-33.95174,0 18.48421,-33.95027,0 18.48394,-33.94876,0 18.4837,-33.94729,0 18.48349,-33.94592,0 18.48318,-33.94436,0 18.48287,-33.94249,0 18.48261,-33.94119,0 18.48231,-33.93965,0 18.48209,-33.93835,0 18.48181,-33.93691,0 18.48153,-33.93562,0 18.48118,-33.93425,0 18.4808,-33.93279,0 18.48041,-33.93123,0 18.48009,-33.93011,0 18.47963,-33.92857,0 18.47928,-33.92747,0 18.47878,-33.92601,0 18.47839,-33.92477,0 18.47786,-33.9235,0 18.47734,-33.9221,0 18.47683,-33.92089,0 18.47614,-33.91951,0 18.47569,-33.91852,0 18.47502,-33.91727,0 18.47441,-33.91621,0 18.47368,-33.91479,0 18.47306,-33.91379,0 18.47245,-33.91273,0 18.47168,-33.91144,0 18.47076,-33.91005,0 18.47004,-33.90898,0 18.46936,-33.90797,0 18.46865,-33.90702,0 18.46779,-33.90578,0 18.46695,-33.90445,0 18.46628,-33.90344,0 18.46561,-33.90241,0 18.46443,-33.9012,0 18.46355,-33.89994,0 18.4627,-33.89878,0 18.46196,-33.89777,0 18.46104,-33.89655,0 18.46041,-33.8958,0 18.45955,-33.89474,0 18.45866,-33.8936,0 18.45782,-33.89268,0 18.45675,-33.89143,0 18.4558,-33.89035,0 18.45457,-33.88905,0 18.45367,-33.88806,0 18.45285,-33.88724,0 18.45199,-33.88637,0 18.45086,-33.88522,0 18.44994,-33.88435,0 18.44902,-33.88356,0 18.44778,-33.88261,0 18.44644,-33.88174,0 18.44513,-33.88105,0 18.44376,-33.88049,0 18.44227,-33.87997,0 18.44117,-33.87964,0 18.44021,-33.87941,0 18.43842,-33.87895,0 18.43612,-33.8784,0 18.43477,-33.87816,0 18.4336,-33.87799,0 18.43259,-33.8779,0 18.43151,-33.87793,0 18.43035,-33.87804,0 18.42945,-33.8783,0 18.42844,-33.87877,0 18.42783,-33.87923,0 18.42733,-33.87988,0 18.42699,-33.88055,0 18.42682,-33.88106,0 18.42671,-33.88174,0 18.42665,-33.88221,0 18.42659,-33.88253,0 18.42654,-33.88307,0 18.42648,-33.8838,0 18.42648,-33.88444,0 18.42637,-33.88527,0 18.42632,-33.88554,0 18.42626,-33.88582,0 18.42625,-33.88612,0 18.42619,-33.88644,0 18.42613,-33.88672,0 18.42602,-33.887,0 18.42596,-33.88724,0 18.42575,-33.8877,0 18.42558,-33.88806,0 18.4255,-33.88831,0 18.42527,-33.88887,0 18.42519,-33.88911,0 18.4251,-33.88947,0 18.42503,-33.88971,0 18.42493,-33.88993,0 18.42487,-33.89022,0 18.42487,-33.89045,0 18.4248,-33.89067,0 18.4248,-33.89099,0 18.4248,-33.89122,0 18.42482,-33.89147,0 18.42486,-33.89182,0 18.42491,-33.89204,0 18.42497,-33.89241,0 18.42497,-33.89273,0 18.42505,-33.8932,0 18.42514,-33.89346,0 18.42525,-33.89388,0 18.42536,-33.89433,0 18.42547,-33.8947,0 18.42558,-33.89507,0 18.42573,-33.89548,0 18.4259,-33.89589,0 18.42603,-33.89621,0 18.42619,-33.89659,0 18.42632,-33.89694,0 18.42636,-33.89715,0 18.42648,-33.8974,0 18.42659,-33.89767,0 18.42682,-33.89813,0 18.42688,-33.89836,0 18.42699,-33.89864,0 18.42704,-33.89891,0 18.4271,-33.89919,0 18.4271,-33.89948,0 18.4271,-33.89976,0 18.4271,-33.89999,0 18.4271,-33.90019,0 18.42704,-33.90042,0 18.42705,-33.90064,0 18.42705,-33.90088,0 18.42699,-33.90111,0 18.42721,-33.90111,0 18.42745,-33.9012,0 18.42773,-33.90129,0 18.42794,-33.90134,0 18.42825,-33.90139,0 18.42848,-33.90144,0 18.42895,-33.90147,0 18.42934,-33.90152,0 18.42973,-33.90152,0 18.43001,-33.90152,0 18.43024,-33.90152,0 18.43048,-33.90148,0 18.43088,-33.90148,0 18.43151,-33.90144,0 18.43175,-33.90143,0 18.43214,-33.90143,0 18.43242,-33.90138,0 18.43265,-33.90138,0 18.43304,-33.90134,0 18.43334,-33.90129,0 18.43366,-33.90129,0 18.43426,-33.9012,0 18.43472,-33.90111,0 18.43557,-33.90092,0 18.4362,-33.90074,0 18.43691,-33.90047,0 18.43764,-33.90015,0 18.43842,-33.89973,0 18.43906,-33.89925,0 18.43981,-33.89859,0 18.44055,-33.89781,0 18.44117,-33.89694,0 18.44162,-33.89612,0 18.44204,-33.89515,0 18.44229,-33.8942,0 18.4425,-33.89305,0 18.44251,-33.892,0 18.44246,-33.89076,0 18.44227,-33.88975,0 18.44193,-33.88868,0 18.44158,-33.8877,0 18.44111,-33.88683,0 18.44044,-33.88573,0 18.43971,-33.88463,0 18.43904,-33.88376,0 18.43832,-33.88286,0 18.4374,-33.88188,0 18.43657,-33.88106,0 18.43546,-33.88011,0 18.43467,-33.8795,0 18.43351,-33.87867,0 18.43265,-33.87808,0 18.43147,-33.87744,0 18.43041,-33.87685,0 18.42916,-33.87625,0 18.42822,-33.87579,0 18.42688,-33.87518,0 18.42607,-33.87485,0 18.4247,-33.87434,0 18.42367,-33.87397,0 18.42264,-33.8736,0 18.42161,-33.87327,0 18.41992,-33.87282,0 18.41881,-33.87257,0 18.41778,-33.87239,0 18.41656,-33.87222,0 18.41543,-33.8721,0 18.41423,-33.87206,0 18.41286,-33.87201,0 18.41174,-33.87199,0 18.41006,-33.87199,0 18.40868,-33.87201,0 18.40731,-33.87206,0 18.40597,-33.87213,0 18.40445,-33.8722,0 18.40333,-33.87222,0 18.40227,-33.87231,0 18.40132,-33.87241,0 18.40014,-33.87254,0 18.39884,-33.87276,0 18.39787,-33.87294,0 18.39649,-33.87327,0 18.39552,-33.8735,0 18.39453,-33.87378,0 18.39341,-33.8741,0 18.39226,-33.87453,0 18.39145,-33.87479,0 18.38994,-33.87543,0 18.38904,-33.87579,0 18.38797,-33.87625,0 18.38691,-33.87675,0 18.38579,-33.8773,0 18.38499,-33.87769,0 18.38388,-33.87827,0 18.3831,-33.87868,0 18.38226,-33.87914,0 18.3813,-33.87973,0 18.38052,-33.88023,0 18.37967,-33.88081,0 18.37889,-33.88133,0 18.37818,-33.88188,0 18.37721,-33.88258,0 18.37648,-33.88312,0 18.37584,-33.88365,0 18.37481,-33.88449,0 18.374,-33.88514,0 18.37343,-33.88565,0 18.37257,-33.88644,0 18.37183,-33.8871,0 18.37116,-33.88774,0 18.37046,-33.88845,0 18.3697,-33.88921,0 18.36891,-33.89003,0 18.36824,-33.89076,0 18.36752,-33.89154,0 18.36679,-33.89227,0 18.36617,-33.89291,0 18.36533,-33.89374,0 18.36456,-33.89445,0 18.36382,-33.89515,0 18.36308,-33.89585,0 18.36219,-33.89667,0 18.36152,-33.89731,0 18.36073,-33.89804,0 18.35999,-33.89869,0 18.35936,-33.89925,0 18.3586,-33.89996,0 18.35787,-33.90069,0 18.35724,-33.90125,0 18.35655,-33.9019,0 18.3558,-33.90266,0 18.35518,-33.90325,0 18.35449,-33.904,0 18.35392,-33.9046,0 18.3534,-33.90516,0 18.35272,-33.90596,0 18.35216,-33.90656,0 18.35148,-33.90729,0 18.35072,-33.90818,0 18.35014,-33.90884,0 18.34947,-33.90962,0 18.34888,-33.91032,0 18.34829,-33.91109,0 18.34768,-33.91172,0 18.34717,-33.91241,0 18.34649,-33.91315,0 18.34597,-33.91382,0 18.34532,-33.91461,0 18.34465,-33.91549,0 18.34414,-33.91624,0 18.34368,-33.91689,0 18.34316,-33.91768,0 18.3427,-33.91833,0 18.34229,-33.91905,0 18.34179,-33.91987,0 18.34127,-33.92066,0 18.34089,-33.9213,0 18.34036,-33.9221,0 18.33984,-33.92289,0 18.3395,-33.92341,0 18.33904,-33.92424,0 18.33864,-33.92494,0 18.33814,-33.92587,0 18.33769,-33.92665,0 18.3373,-33.92738,0 18.33691,-33.92807,0 18.33646,-33.92889,0 18.33595,-33.92974,0 18.33551,-33.93063,0 18.335,-33.93146,0 18.33456,-33.93228,0 18.33412,-33.933,0 18.33282,-33.93526,0 18.33132,-33.9377,0 18.32979,-33.94011,0 18.32828,-33.94254,0 18.32789,-33.94322,0 18.32748,-33.94394,0 18.32685,-33.94496,0 18.32645,-33.94566,0 18.326,-33.9465,0 18.32548,-33.94739,0 18.32497,-33.9483,0 18.32451,-33.9491,0 18.32407,-33.94991,0 18.32357,-33.95087,0 18.32302,-33.95181,0 18.32267,-33.95251,0 18.32228,-33.95325,0 18.3213,-33.95515,0 18.32071,-33.95631,0 18.32032,-33.95705,0 18.31864,-33.96011,0 18.31651,-33.96396,0 18.31461,-33.96768,0 18.31258,-33.97133,0 18.31062,-33.97508,0 18.30883,-33.97871,0 18.30687,-33.98259,0 18.30494,-33.98644,0 18.30406,-33.98845,0 18.30322,-33.99042,0 18.30255,-33.99229,0 18.30177,-33.99513,0 18.30191,-33.9971,0 18.30283,-33.99893,0 18.30356,-33.99957,0 18.30448,-34.00008,0 18.30535,-34.00031,0 18.30659,-34.00044,0 18.30769,-34.00036,0 18.309,-34.00003,0 18.31023,-33.99957,0 18.31123,-33.99901,0 18.31242,-33.99825,0 18.31348,-33.99742,0 18.31484,-33.99594,0 18.31581,-33.99459,0 18.31644,-33.99361,0 18.31813,-33.99023,0 18.31892,-33.98859,0 18.32088,-33.98419,0 18.32365,-33.97843,0 18.32525,-33.97527,0 18.3268,-33.97252,0 18.33035,-33.96679,0 18.3322,-33.96391,0 18.33394,-33.96112,0 18.33561,-33.95842,0 18.33721,-33.95572,0 18.33996,-33.95055,0 18.34246,-33.94624,0 18.34322,-33.94492,0 18.34397,-33.94373,0 18.34487,-33.94235,0 18.34557,-33.94119,0 18.34638,-33.93997,0 18.34907,-33.93558,0 18.34969,-33.93448,0 18.35032,-33.93341,0 18.35106,-33.93221,0 18.35152,-33.93142,0 18.35243,-33.92992,0 18.35311,-33.92885,0 18.35363,-33.92802,0 18.3544,-33.92679,0 18.35513,-33.9256,0 18.35597,-33.92432,0 18.35655,-33.92341,0 18.35747,-33.92201,0 18.35815,-33.92102,0 18.35872,-33.9201,0 18.3609,-33.9167,0 18.3633,-33.91307,0 18.36542,-33.91,0 18.36714,-33.90772,0 18.36785,-33.90678,0 18.36858,-33.90587,0 18.36948,-33.90482,0 18.37023,-33.90395,0 18.3711,-33.90289,0 18.37194,-33.9019,0 18.37269,-33.90111,0 18.3736,-33.90004,0 18.37446,-33.89911,0 18.37515,-33.89832,0 18.37612,-33.89724,0 18.3771,-33.89626,0 18.37778,-33.89557,0 18.37884,-33.89456,0 18.37973,-33.89369,0 18.38086,-33.89273,0 18.38196,-33.8918,0 18.38287,-33.8911,0 18.38428,-33.89003,0 18.3854,-33.88925,0 18.38629,-33.88866,0 18.38745,-33.88794,0 18.38831,-33.88733,0 18.3894,-33.88659,0 18.39037,-33.88593,0 18.39111,-33.88545,0 18.39229,-33.88472,0 18.39319,-33.88412,0 18.39409,-33.88356,0 18.395,-33.88295,0 18.39638,-33.88216,0 18.39712,-33.88169,0 18.39832,-33.88095,0 18.39969,-33.88019,0 18.40092,-33.87955,0 18.40221,-33.87886,0 18.40347,-33.8783,0 18.4044,-33.8779,0 18.40569,-33.8774,0 18.40708,-33.87695,0 18.40822,-33.87662,0 18.4095,-33.87625,0 18.41039,-33.87607,0 18.41191,-33.87579,0 18.41303,-33.8757,0 18.41393,-33.87566,0 18.41537,-33.87574,0 18.41662,-33.87593,0 18.41774,-33.87616,0 18.41858,-33.87639,0 18.4197,-33.87675,0 18.42041,-33.87713,0 18.42121,-33.87774,0 18.42166,-33.87827,0 18.422,-33.87891,0 18.42222,-33.87978,0 18.42201,-33.88072,0 18.42167,-33.88142,0 18.42093,-33.88221,0 18.4202,-33.8828,0 18.41932,-33.88342,0 18.41863,-33.88394,0 18.41806,-33.88449,0 18.41749,-33.88519,0 18.41721,-33.88617,0 18.41735,-33.88687,0 18.41766,-33.88742,0 18.41829,-33.88794,0 18.41936,-33.8882,0 18.42026,-33.88811,0 18.42127,-33.8877,0 18.42205,-33.88715,0 18.4229,-33.88637,0 18.42362,-33.88554,0 18.42402,-33.88505,0 18.42475,-33.88422,0 18.42556,-33.88351,0 18.42642,-33.88291,0 18.42721,-33.88252,0 18.42811,-33.8822,0 18.42894,-33.88211,0 18.42962,-33.8822,0 18.43013,-33.88239,0 18.43057,-33.88271,0 18.43088,-33.88314,0 18.43102,-33.88385,0 18.43082,-33.88449,0 18.43046,-33.88513,0 18.43002,-33.88556,0 18.42945,-33.88607,0 18.42895,-33.88651,0 18.42842,-33.88691,0 18.42777,-33.88737,0 18.42727,-33.88783,0 18.42693,-33.88817,0 18.42665,-33.88857,0 18.42648,-33.88887,0 18.42626,-33.88934,0 18.42607,-33.8898,0 18.42602,-33.89008,0 18.42596,-33.89035,0 18.4259,-33.89082,0 18.42596,-33.89119,0 18.42598,-33.89154,0 18.42596,-33.89198,0 18.42592,-33.89241,0 18.42592,-33.89287,0 18.42598,-33.89314,0 18.42598,-33.89337,0 18.42607,-33.89375,0 18.42619,-33.89408,0 18.42626,-33.89429,0 18.42632,-33.89461,0 18.42642,-33.89496,0 18.42654,-33.89529,0 18.42665,-33.89566,0 18.42676,-33.89599,0 18.42682,-33.89631,0 18.42693,-33.89667,0 18.42705,-33.89701,0 18.4271,-33.89729,0 18.42716,-33.89753,0 18.42716,-33.8978,0 18.42722,-33.89822,0 18.42728,-33.89846,0 18.42728,-33.89874,0 18.42727,-33.899,0 18.42732,-33.89923,0 18.42732,-33.89946,0 18.42728,-33.89967,0 18.42722,-33.8999,0 18.42715,-33.90015,0 18.4271,-33.90038,0 18.4271,-33.90065,0 18.4271,-33.90088,0 18.42699,-33.90111,0 18.42727,-33.90111,0 18.42766,-33.90111,0 18.4285,-33.90115,0 18.42876,-33.90111,0 18.42928,-33.90106,0 18.42957,-33.90106,0 18.42979,-33.90102,0 18.43007,-33.90102,0 18.43041,-33.90097,0 18.43069,-33.90092,0 18.43097,-33.90088,0 18.4314,-33.90078,0 18.43181,-33.9007,0 18.43208,-33.90064,0 18.43237,-33.90056,0 18.43271,-33.90046,0 18.43306,-33.90032,0 18.43355,-33.9001,0 18.4342,-33.89967,0 18.43449,-33.89943,0 18.43489,-33.89901,0 18.43517,-33.89869,0 18.43552,-33.89817,0 18.43569,-33.8978,0 18.4358,-33.89748,0 18.43597,-33.89701,0 18.43609,-33.89641,0 18.43609,-33.89478,0 18.43592,-33.89384,0 18.43562,-33.89268,0 18.43534,-33.8917,0 18.435,-33.89072,0 18.43466,-33.8898,0 18.4342,-33.88858,0 18.4338,-33.88761,0 18.43334,-33.88644,0 18.43283,-33.88551,0 18.4322,-33.88449,0 18.4314,-33.88342,0 18.43074,-33.88271,0 18.42968,-33.8817,0 18.429,-33.88115,0 18.42785,-33.8803,0 18.42653,-33.8796,0 18.4255,-33.87909,0 18.42407,-33.87858,0 18.42316,-33.8783,0 18.42155,-33.87783,0 18.42009,-33.87749,0 18.41858,-33.87721,0 18.41751,-33.87703,0 18.41617,-33.87685,0 18.41482,-33.87671,0 18.41303,-33.87662,0 18.41196,-33.87662,0 18.41091,-33.87667,0 18.41005,-33.87676,0 18.4086,-33.87698,0 18.40656,-33.87737,0 18.40557,-33.87758,0 18.40423,-33.8779,0 18.403,-33.87822,0 18.40193,-33.87853,0 18.40061,-33.8789,0 18.39941,-33.87928,0 18.39855,-33.8796,0 18.3975,-33.87991,0 18.39615,-33.88044,0 18.3952,-33.88083,0 18.3942,-33.88124,0 18.3933,-33.88165,0 18.39163,-33.88244,0 18.39054,-33.88295,0 18.38966,-33.88335,0 18.38882,-33.88379,0 18.38769,-33.88435,0 18.38657,-33.88499,0 18.38579,-33.88542,0 18.3847,-33.88607,0 18.3839,-33.88659,0 18.38293,-33.88719,0 18.38192,-33.88783,0 18.38104,-33.88845,0 18.38007,-33.88911,0 18.37906,-33.88985,0 18.37812,-33.89054,0 18.37721,-33.89127,0 18.37641,-33.89194,0 18.37584,-33.89245,0 18.37508,-33.8931,0 18.37413,-33.89392,0 18.3734,-33.89461,0 18.37273,-33.89525,0 18.372,-33.89589,0 18.3711,-33.89685,0 18.37054,-33.8974,0 18.36977,-33.89817,0 18.3692,-33.89877,0 18.36845,-33.89957,0 18.3678,-33.90033,0 18.3672,-33.90102,0 18.36651,-33.90176,0 18.36617,-33.90223,0 18.36539,-33.90312,0 18.36488,-33.90376,0 18.36433,-33.90446,0 18.36376,-33.90516,0 18.36314,-33.90582,0 18.36227,-33.90679,0 18.36168,-33.90742,0 18.36102,-33.90814,0 18.36027,-33.90888,0 18.3597,-33.90953,0 18.35905,-33.91031,0 18.35843,-33.911,0 18.35787,-33.91163,0 18.35737,-33.91228,0 18.35701,-33.9127,0 18.35636,-33.91347,0 18.35574,-33.91429,0 18.35524,-33.91489,0 18.35462,-33.91562,0 18.35417,-33.91626,0 18.35356,-33.91708,0 18.35312,-33.91768,0 18.35255,-33.91837,0 18.3521,-33.91901,0 18.3516,-33.91969,0 18.35106,-33.92048,0 18.3506,-33.92108,0 18.34991,-33.92207,0 18.34935,-33.92294,0 18.34879,-33.92372,0 18.3482,-33.92448,0 18.34762,-33.92528,0 18.34717,-33.92596,0 18.34666,-33.92674,0 18.34605,-33.92766,0 18.34549,-33.92853,0 18.34505,-33.92927,0 18.34454,-33.93011,0 18.34409,-33.93086,0 18.34364,-33.93164,0 18.34089,-33.93599,0 18.33858,-33.93979,0 18.33658,-33.94324,0 18.33538,-33.94556,0 18.33406,-33.94803,0 18.33298,-33.95018,0 18.33125,-33.95343,0 18.32897,-33.95762,0 18.32677,-33.96162,0 18.32468,-33.96563,0 18.32284,-33.96941,0 18.3209,-33.97322,0 18.31914,-33.97705,0 18.31746,-33.98117,0 18.31662,-33.98332,0 18.31645,-33.9852,0 18.31746,-33.98625,0 18.32021,-33.98561,0 18.32183,-33.98318,0 18.32285,-33.98057,0 18.32394,-33.97773,0 18.32503,-33.97472,0 18.32605,-33.97173,0 18.32714,-33.96865,0 18.32937,-33.96288,0 18.33063,-33.96016,0 18.33198,-33.95732,0 18.33315,-33.95483,0 18.33447,-33.9519,0 18.33624,-33.94757,0 18.33813,-33.94273,0 18.33858,-33.94165,0 18.34039,-33.93713,0 18.34242,-33.93244,0 18.34414,-33.92853,0 18.34591,-33.9249,0 18.34774,-33.92103,0 18.34974,-33.91722,0 18.35032,-33.9161,0 18.35094,-33.91494,0 18.3516,-33.91379,0 18.35216,-33.91278,0 18.35305,-33.91127,0 18.35369,-33.91032,0 18.35434,-33.90926,0 18.35512,-33.90814,0 18.35581,-33.90716,0 18.35661,-33.90604,0 18.35741,-33.90497,0 18.35833,-33.90381,0 18.3593,-33.90255,0 18.36004,-33.90167,0 18.36107,-33.90047,0 18.36191,-33.89951,0 18.36292,-33.89841,0 18.3641,-33.89722,0 18.36508,-33.89631,0 18.36623,-33.89525,0 18.36714,-33.8945,0 18.36791,-33.89383,0 18.36931,-33.89273,0 18.37051,-33.89185,0 18.37183,-33.89096,0 18.3728,-33.89031,0 18.37402,-33.88953,0 18.37532,-33.88873,0 18.37646,-33.88812,0 18.37777,-33.88737,0 18.37884,-33.88683,0 18.37996,-33.88626,0 18.38099,-33.88575,0 18.38214,-33.88527,0 18.38339,-33.88472,0 18.38476,-33.88412,0 18.38585,-33.8837,0 18.38713,-33.8833,0 18.38842,-33.88289,0 18.38949,-33.88252,0 18.39061,-33.8822,0 18.39207,-33.88179,0 18.39319,-33.88147,0 18.39431,-33.8812,0 18.39582,-33.88078,0 18.39718,-33.88044,0 18.39834,-33.88019,0 18.39935,-33.87993,0 18.40055,-33.8797,0 18.40215,-33.87936,0 18.40353,-33.87914,0 18.40445,-33.879,0 18.40597,-33.87872,0 18.40726,-33.87854,0 18.40839,-33.87839,0 18.40961,-33.87822,0 18.41062,-33.87808,0 18.41196,-33.8779,0 18.41303,-33.87778,0 18.41406,-33.87765,0 18.41533,-33.87753,0 18.41658,-33.87741,0 18.41749,-33.87732,0 18.41858,-33.87721,0 18.42004,-33.87712,0 18.42121,-33.87708,0 18.42228,-33.87703,0 18.42321,-33.87704,0 18.42413,-33.87704,0 18.42525,-33.87712,0 18.42625,-33.87727,0 18.42721,-33.87758,0 18.428,-33.8779,0 18.42861,-33.87836,0 18.42905,-33.87877,0 18.4294,-33.87927,0 18.42968,-33.87978,0 18.42985,-33.88034,0 18.43001,-33.88101,0 18.43013,-33.88174,0 18.43014,-33.88244,0 18.43014,-33.88305,0 18.43014,-33.88351,0 18.43007,-33.88408,0 18.43002,-33.88477,0 18.42991,-33.88547,0 18.42985,-33.88605,0 18.42974,-33.88672,0 18.42962,-33.88742,0 18.42957,-33.88794,0 18.42945,-33.88854,0 18.42939,-33.889,0 18.42929,-33.88962,0 18.42922,-33.89022,0 18.42912,-33.89063,0 18.42905,-33.8911,0 18.42894,-33.8917,0 18.42884,-33.89214,0 18.42876,-33.89259,0 18.42867,-33.89296,0 18.42854,-33.89352,0 18.42848,-33.89389,0 18.42836,-33.89417,0 18.42831,-33.89445,0 18.42822,-33.89465,0 18.42808,-33.8951,0 18.42802,-33.89538,0 18.42796,-33.89566,0 18.42785,-33.89599,0 18.42777,-33.89644,0 18.42768,-33.89673,0 18.42762,-33.89701,0 18.42755,-33.89735,0 18.42749,-33.89763,0 18.42745,-33.89794,0 18.42745,-33.89827,0 18.42739,-33.89855,0 18.42738,-33.89877,0 18.42732,-33.89905,0 18.42728,-33.89929,0 18.42722,-33.89962,0 18.42716,-33.89985,0 18.42705,-33.90009,0 18.42682,-33.90032,0 18.4267,-33.90055,0 18.42693,-33.90074,0 18.4271,-33.90097,0 18.42739,-33.90111,0 18.42831,-33.9012,0 18.42884,-33.9012,0 18.42945,-33.90115,0 18.42973,-33.90111,0 18.43008,-33.90106,0 18.43054,-33.90102,0 18.4308,-33.90097,0 18.43117,-33.90097,0 18.4317,-33.90088,0 18.43197,-33.90083,0 18.43242,-33.90074,0 18.43293,-33.9006,0 18.43334,-33.90041,0 18.43377,-33.90024,0 18.43414,-33.90004,0 18.43449,-33.89985,0 18.435,-33.89943,0 18.43539,-33.89896,0 18.43575,-33.89855,0 18.43592,-33.89817,0 18.43629,-33.8974,0 18.4364,-33.89713,0 18.43655,-33.8965,0 18.43668,-33.89612,0 18.4368,-33.89525,0 18.43685,-33.89401,0 18.43678,-33.89273,0 18.4366,-33.89166,0 18.43637,-33.89068,0 18.43607,-33.88957,0 18.43562,-33.88829,0 18.43517,-33.88728,0 18.43472,-33.88631,0 18.43399,-33.88504,0 18.4334,-33.88412,0 18.43266,-33.883,0 18.43197,-33.88207,0 18.43105,-33.88091,0 18.43029,-33.88005,0 18.4294,-33.87914,0 18.42825,-33.87807,0 18.42743,-33.87744,0 18.42648,-33.87672,0 18.42491,-33.87579,0 18.4239,-33.87527,0 18.4225,-33.87474,0 18.42104,-33.87429,0 18.42001,-33.87402,0 18.41829,-33.87374,0 18.41712,-33.8736,0 18.41589,-33.8735,0 18.41475,-33.87346,0 18.41337,-33.87346,0 18.41185,-33.87355,0 18.41051,-33.87364,0 18.40922,-33.87378,0 18.40804,-33.87396,0 18.40675,-33.87415,0 18.40557,-33.87437,0 18.40434,-33.87474,0 18.40311,-33.87543,0 18.40267,-33.87583,0 18.40233,-33.87667,0 18.40244,-33.87717,0 18.40277,-33.87758,0 18.40339,-33.8779,0 18.40417,-33.87804,0 18.40479,-33.87807,0 18.40582,-33.87793,0 18.40647,-33.87772,0 18.40742,-33.87735,0 18.40811,-33.877,0 18.40857,-33.87662,0 18.40919,-33.87588,0 18.40942,-33.87527,0 18.40933,-33.87433,0 18.40877,-33.8735,0 18.40804,-33.87305,0 18.40714,-33.87276,0 18.40597,-33.87273,0 18.40485,-33.87291,0 18.40384,-33.87314,0 18.40266,-33.87346,0 18.40078,-33.87406,0 18.39958,-33.87448,0 18.39857,-33.87483,0 18.39741,-33.87527,0 18.39649,-33.87564,0 18.39523,-33.87616,0 18.39425,-33.87657,0 18.39336,-33.87703,0 18.39226,-33.8776,0 18.3914,-33.87807,0 18.39044,-33.87863,0 18.38957,-33.87914,0 18.38871,-33.87965,0 18.38769,-33.88028,0 18.38671,-33.881,0 18.38568,-33.88165,0 18.3847,-33.88235,0 18.3839,-33.88291,0 18.38299,-33.88353,0 18.38203,-33.88422,0 18.38116,-33.88491,0 18.38018,-33.88565,0 18.37934,-33.88637,0 18.37833,-33.88733,0 18.37755,-33.88806,0 18.37681,-33.88877,0 18.37601,-33.88961,0 18.37509,-33.8905,0 18.37446,-33.89119,0 18.37357,-33.89218,0 18.37303,-33.89278,0 18.37245,-33.89346,0 18.37172,-33.89433,0 18.37088,-33.89529,0 18.37011,-33.89627,0 18.36931,-33.89726,0 18.3688,-33.89786,0 18.36796,-33.89891,0 18.3674,-33.89964,0 18.36668,-33.9006,0 18.36611,-33.90129,0 18.36542,-33.90223,0 18.36494,-33.9028,0 18.36428,-33.90362,0 18.36365,-33.9044,0 18.36308,-33.90506,0 18.3625,-33.90572,0 18.36199,-33.90632,0 18.36107,-33.90749,0 18.36044,-33.90828,0 18.35993,-33.90893,0 18.35928,-33.90976,0 18.35878,-33.91047,0 18.35815,-33.91132,0 18.35771,-33.912,0 18.35724,-33.91275,0 18.3567,-33.91356,0 18.35619,-33.91438,0 18.35563,-33.9153,0 18.35524,-33.91591,0 18.35473,-33.91685,0 18.35432,-33.91759,0 18.3539,-33.91832,0 18.35339,-33.91919,0 18.35295,-33.91991,0 18.35244,-33.92079,0 18.35199,-33.92148,0 18.3514,-33.92248,0 18.35092,-33.92331,0 18.35031,-33.92422,0 18.3498,-33.92496,0 18.34929,-33.92578,0 18.34863,-33.92679,0 18.34806,-33.92766,0 18.34757,-33.92839,0 18.34711,-33.92908,0 18.34661,-33.9299,0 18.34608,-33.93076,0 18.3456,-33.9315,0 18.34526,-33.93201,0 18.34442,-33.93476,0 18.34722,-33.9364,0 18.34941,-33.93553,0 18.35048,-33.93462,0 18.35104,-33.93393,0 18.35157,-33.93318,0 18.35226,-33.93202,0 18.35266,-33.93127,0 18.35318,-33.9303,0 18.35363,-33.92937,0 18.35401,-33.92853,0 18.3544,-33.92761,0 18.35466,-33.92676,0 18.35489,-33.92592,0 18.35506,-33.92471,0 18.35501,-33.92355,0 18.35478,-33.9228,0 18.35403,-33.92159,0 18.35322,-33.92088,0 18.35215,-33.9202,0 18.35087,-33.91974,0 18.34963,-33.91959,0 18.34851,-33.91969,0 18.34751,-33.91991,0 18.34638,-33.92029,0 18.34526,-33.92088,0 18.34448,-33.92145,0 18.34356,-33.92229,0 18.34296,-33.92294,0 18.34248,-33.92355,0 18.34196,-33.92418,0 18.34151,-33.92482,0 18.34093,-33.92564,0 18.34033,-33.92656,0 18.33982,-33.92729,0 18.33933,-33.92811,0 18.33882,-33.92894,0 18.33842,-33.92963,0 18.33792,-33.93045,0 18.33727,-33.9316,0 18.33675,-33.93248,0 18.33495,-33.93581,0 18.334,-33.93764,0 18.33189,-33.94161,0 18.3304,-33.94417,0 18.32891,-33.94687,0 18.32794,-33.94868,0 18.32744,-33.94963,0 18.3252,-33.95403,0 18.32318,-33.9581,0 18.32133,-33.96199,0 18.31953,-33.96586,0 18.31858,-33.96771,0 18.31746,-33.96973,0 18.3165,-33.97159,0 18.31535,-33.97368,0 18.31438,-33.97564,0 18.31331,-33.97769,0 18.31238,-33.9795,0 18.31141,-33.98137,0 18.30797,-33.987,0 18.30534,-33.99096,0 18.30395,-33.99284,0 18.30271,-33.99472,0 18.30126,-33.99673,0 18.29996,-33.99868,0 18.29762,-34.00232,0 18.29659,-34.00418,0 18.29561,-34.00618,0 18.29418,-34.01027,0 18.29355,-34.01274,0 18.29302,-34.01472,0 18.29264,-34.01674,0 18.29229,-34.01866,0 18.29218,-34.02149,0 18.29224,-34.02391,0 18.29229,-34.02594,0 18.29246,-34.02782,0 18.29258,-34.02973,0 18.29281,-34.03211,0 18.29292,-34.03336,0 18.29309,-34.03448,0 18.29321,-34.03546,0 18.29336,-34.03633,0 18.29364,-34.03743,0 18.2939,-34.03839,0 18.29482,-34.04109,0 18.2955,-34.043,0 18.29678,-34.04599,0 18.29802,-34.04849,0 18.29865,-34.04952,0 18.29916,-34.0504,0 18.29969,-34.05121,0 18.30008,-34.05185,0 18.30064,-34.05267,0 18.30122,-34.05338,0 18.30199,-34.05446,0 18.30266,-34.05519,0 18.30322,-34.05589,0 18.30391,-34.05664,0 18.30454,-34.05734,0 18.30517,-34.05799,0 18.30585,-34.05869,0 18.30648,-34.05929,0 18.30729,-34.06004,0 18.30776,-34.06046,0 18.3086,-34.06128,0 18.30923,-34.06186,0 18.30995,-34.06252,0 18.31057,-34.06306,0 18.31123,-34.06372,0 18.31214,-34.06462,0 18.31278,-34.06525,0 18.42733,-33.90051,0 18.42756,-33.90064,0 18.42783,-33.9007,0 18.42819,-33.90074,0 18.42856,-33.90074,0 18.42876,-33.90078,0 18.42899,-33.90078,0 18.42922,-33.90078,0 18.42951,-33.90078,0 18.42974,-33.90078,0 18.42997,-33.90083,0 18.43019,-33.90083,0 18.43057,-33.90083,0 18.43085,-33.90083,0 18.43111,-33.90083,0 18.43145,-33.90078,0 18.43214,-33.90078,0 18.43248,-33.90078,0 18.43287,-33.90074,0 18.43327,-33.90074,0 18.43357,-33.90074,0 18.43416,-33.90074,0 18.4345,-33.9007,0 18.43489,-33.90069,0 18.4354,-33.9006,0 18.43596,-33.90051,0 18.43632,-33.90046,0 18.43685,-33.90033,0 18.43719,-33.90024,0 18.43792,-33.90004,0 18.43865,-33.89969,0 18.43964,-33.89915,0 18.44033,-33.89864,0 18.44095,-33.89804,0 18.44158,-33.89724,0 18.44206,-33.89644,0 18.44244,-33.89538,0 18.44267,-33.89426,0 18.44274,-33.89328,0 18.44263,-33.89227,0 18.4424,-33.89131,0 18.44193,-33.89003,0 18.44141,-33.8891,0 18.44072,-33.88806,0 18.4401,-33.88719,0 18.43937,-33.88632,0 18.43865,-33.8855,0 18.43735,-33.88435,0 18.43643,-33.88365,0 18.43529,-33.88291,0 18.43426,-33.88235,0 18.43288,-33.88169,0 18.43164,-33.8812,0 18.43035,-33.88069,0 18.42894,-33.88021,0 18.42783,-33.87987,0 18.42642,-33.87946,0 18.4251,-33.87914,0 18.42396,-33.8789,0 18.42273,-33.87863,0 18.42149,-33.87845,0 18.42015,-33.87827,0 18.41869,-33.87808,0 18.4174,-33.87794,0 18.41628,-33.8779,0 18.41471,-33.87785,0 18.41349,-33.87788,0 18.41257,-33.87793,0 18.4112,-33.87807,0 18.41017,-33.87816,0 18.40839,-33.87839,0 18.40702,-33.87867,0 18.40599,-33.87886,0 18.40457,-33.87918,0 18.40361,-33.87936,0 18.4021,-33.87973,0 18.40092,-33.88005,0 18.3997,-33.88039,0 18.39861,-33.88072,0 18.39746,-33.88114,0 18.39633,-33.88152,0 18.39515,-33.88197,0 18.39397,-33.88248,0 18.39285,-33.88293,0 18.39167,-33.88348,0 18.39055,-33.88408,0 18.38974,-33.88454,0 18.38898,-33.88499,0 18.38808,-33.88551,0 18.38711,-33.88617,0 18.38636,-33.88663,0 18.38562,-33.88714,0 18.38488,-33.88765,0 18.38377,-33.88843,0 18.38293,-33.88902,0 18.38219,-33.88956,0 18.38144,-33.89012,0 18.38058,-33.89077,0 18.37962,-33.8914,0 18.37904,-33.89189,0 18.37818,-33.89254,0 18.37721,-33.89328,0 18.37648,-33.89388,0 18.37559,-33.89456,0 18.37469,-33.89529,0 18.37395,-33.89594,0 18.37323,-33.89653,0 18.37217,-33.8974,0 18.37155,-33.8979,0 18.37054,-33.89877,0 18.36953,-33.8996,0 18.3688,-33.90019,0 18.36788,-33.90097,0 18.36718,-33.90157,0 18.36651,-33.90216,0 18.36567,-33.90289,0 18.36479,-33.90362,0 18.36411,-33.90423,0 18.36337,-33.90482,0 18.36256,-33.90558,0 18.36168,-33.90628,0 18.36102,-33.90693,0 18.36028,-33.90765,0 18.35956,-33.90834,0 18.35883,-33.90912,0 18.35821,-33.90985,0 18.35775,-33.91032,0 18.35707,-33.91112,0 18.35655,-33.91177,0 18.35591,-33.91251,0 18.35535,-33.91328,0 18.35484,-33.91386,0 18.35434,-33.91457,0 18.35381,-33.91526,0 18.35333,-33.91589,0 18.35289,-33.91652,0 18.35249,-33.91708,0 18.3521,-33.91772,0 18.35176,-33.91823,0 18.35135,-33.91889,0 18.35087,-33.91965,0 18.35059,-33.9201,0 18.3502,-33.92075,0 18.34986,-33.92136,0 18.34934,-33.92215,0 18.34888,-33.9228,0 18.34843,-33.9235,0 18.34801,-33.92413,0 18.3475,-33.92496,0 18.34717,-33.92559,0 18.34682,-33.92634,0 18.34654,-33.92699,0 18.34631,-33.92788,0 18.3461,-33.92853,0 18.34582,-33.92931,0 18.34554,-33.93008,0 18.34528,-33.93072,0 18.34498,-33.93141,0 18.3447,-33.93192,0 18.3442,-33.93283,0 18.34364,-33.9337,0 18.34316,-33.93439,0 18.34268,-33.93512,0 18.34218,-33.93594,0 18.34007,-33.93877,0 18.33876,-33.9404,0 18.33725,-33.94212,0 18.33675,-33.94268,0 18.33567,-33.94398,0 18.33495,-33.94482,0 18.33287,-33.9472,0 18.33229,-33.94785,0 18.33181,-33.94835,0 18.33109,-33.94906,0 18.33046,-33.94976,0 18.32994,-33.95036,0 18.32914,-33.95124,0 18.32703,-33.95376,0 18.32611,-33.95502,0 18.32587,-33.95531,0 18.32302,-33.95916,0 18.32159,-33.96093,0 18.32032,-33.96263,0 18.3192,-33.96428,0 18.31791,-33.96625,0 18.31678,-33.96805,0 18.31471,-33.97174,0 18.31369,-33.97368,0 18.31281,-33.97545,0 18.31186,-33.97741,0 18.31085,-33.97925,0 18.30984,-33.98108,0 18.30877,-33.98299,0 18.30774,-33.98495,0 18.30683,-33.98676,0 18.30591,-33.98886,0 18.30519,-33.99078,0 18.30454,-33.99249,0 18.30373,-33.99449,0 18.30305,-33.99626,0 18.30227,-33.9982,0 18.30154,-34.00008,0 18.30076,-34.00227,0 18.30013,-34.00422,0 18.29935,-34.00713,0 18.29823,-34.01079,0 18.29693,-34.01446,0 18.29571,-34.01816,0 18.29464,-34.02205,0 18.29369,-34.02567,0 18.29321,-34.02927,0 18.29315,-34.03104,0 18.29321,-34.03313,0 18.29338,-34.03481,0 18.29347,-34.03546,0 18.29369,-34.03633,0 18.29384,-34.03718,0 18.29412,-34.03807,0 18.2947,-34.03988,0 18.2951,-34.04081,0 18.29566,-34.04214,0 18.2961,-34.04297,0 18.2971,-34.04482,0 18.2975,-34.04562,0 18.29935,-34.0486,0 18.29986,-34.04938,0 18.30036,-34.05008,0 18.30111,-34.05119,0 18.30145,-34.0517,0 18.30248,-34.05315,0 18.30317,-34.05405,0 18.30384,-34.05492,0 18.30448,-34.05571,0 18.30528,-34.05664,0 18.30597,-34.05738,0 18.30654,-34.05808,0 18.30711,-34.05883,0 18.30757,-34.05943,0 18.3082,-34.06022,0 18.30872,-34.06087,0 18.30917,-34.06148,0 18.30972,-34.06224,0 18.31026,-34.06292,0 18.31068,-34.06348,0 18.31141,-34.06441,0 18.31197,-34.06512,0 18.31249,-34.06577,0 18.3132,-34.06659,0 18.31539,-34.06915,0 18.31667,-34.07065,0 18.31729,-34.0713,0 18.31791,-34.07195,0 18.31858,-34.07268,0 18.31913,-34.07326,0 18.31976,-34.07391,0 18.32056,-34.0747,0 18.32116,-34.07529,0 18.32178,-34.07588,0 18.32222,-34.07633,0 18.32301,-34.07712,0 18.32368,-34.07776,0 18.32439,-34.07847,0 18.32491,-34.07899,0 18.32581,-34.07982,0 18.32648,-34.08046,0 18.32721,-34.08115,0 18.32772,-34.0816,0 18.32851,-34.08248,0 18.32906,-34.08302,0 18.32962,-34.08362,0 18.33046,-34.08438,0 18.33114,-34.08504,0 18.33181,-34.08572,0 18.33246,-34.08634,0 18.33315,-34.08696,0 18.33384,-34.0876,0 18.45441,-34.12805,0 18.457,-34.12574,0 18.46099,-34.12211,0 18.46491,-34.11836,0 18.46767,-34.11558,0 18.46858,-34.11454,0 18.4695,-34.11337,0 18.47035,-34.1124,0 18.47118,-34.11143,0 18.47209,-34.11017,0 18.47276,-34.10923,0 18.47342,-34.1081,0 18.47421,-34.10678,0 18.47483,-34.10566,0 18.47532,-34.10451,0 18.47587,-34.10295,0 18.47624,-34.10162,0 18.47671,-34.10011,0 18.47698,-34.099,0 18.47729,-34.09771,0 18.4774,-34.0964,0 18.47688,-34.09541,0 18.47673,-34.09386,0 18.47702,-34.09271,0 18.47728,-34.09133,0 18.47735,-34.09006,0 18.4779,-34.08842,0 18.47822,-34.08689,0 18.47821,-34.08547,0 18.47794,-34.08442,0 18.4781,-34.08315,0 18.47821,-34.08194,0 18.47795,-34.08068,0 18.47791,-34.07944,0 18.47785,-34.07813,0 18.47747,-34.07413,0 18.47739,-34.06871,0 18.47826,-34.06459,0 18.47862,-34.06311,0 18.47888,-34.06159,0 18.47904,-34.06042,0 18.47913,-34.05903,0 18.47947,-34.05729,0 18.47992,-34.05348,0 18.47981,-34.05217,0 18.47967,-34.05094,0 18.47971,-34.04971,0 18.48002,-34.04567,0 18.48027,-34.04036,0 18.48031,-34.03895,0 18.48048,-34.03725,0 18.48022,-34.03371,0 18.48122,-34.02907,0 18.48105,-34.02523,0 18.48118,-34.02374,0 18.48158,-34.01966,0 18.48204,-34.0156,0 18.4819,-34.01048,0 18.48168,-34.00648,0 18.48258,-34.00219,0 18.4834,-33.99662,0 18.48369,-33.99251,0 18.48415,-33.98709,0 18.48438,-33.98169,0 18.4845,-33.97764,0 18.48444,-33.97536,0 18.48438,-33.97398,0 18.48433,-33.97285,0 18.48421,-33.97126,0 18.4841,-33.96982,0 18.48394,-33.96831,0 18.48377,-33.96712,0 18.4836,-33.96579,0 18.48335,-33.96437,0 18.4831,-33.96286,0 18.48287,-33.96167,0 18.48261,-33.96028,0 18.48227,-33.95893,0 18.48198,-33.95749,0 18.48164,-33.95613,0 18.48136,-33.9549,0 18.48106,-33.95376,0 18.48072,-33.95232,0 18.48046,-33.95119,0 18.48015,-33.94966,0 18.4798,-33.94813,0 18.47962,-33.94698,0 18.47935,-33.94575,0 18.47906,-33.94427,0 18.47883,-33.94315,0 18.47855,-33.94156,0 18.47828,-33.94025,0 18.47794,-33.93887,0 18.47766,-33.93759,0 18.47729,-33.93616,0 18.47693,-33.93484,0 18.47649,-33.93351,0 18.47609,-33.93225,0 18.47551,-33.93076,0 18.47514,-33.92963,0 18.4746,-33.92844,0 18.4738,-33.92671,0 18.47323,-33.92551,0 18.47277,-33.92453,0 18.472,-33.92313,0 18.47127,-33.9218,0 18.4706,-33.9207,0 18.46959,-33.91905,0 18.46899,-33.91815,0 18.46796,-33.91672,0 18.46734,-33.9158,0 18.46636,-33.91452,0 18.46539,-33.91326,0 18.46458,-33.91228,0 18.46376,-33.91118,0 18.46286,-33.91008,0 18.46191,-33.9088,0 18.46118,-33.90793,0 18.46056,-33.9072,0 18.45944,-33.90573,0 18.45846,-33.90455,0 18.45755,-33.90343,0 18.45664,-33.9023,0 18.45591,-33.90138,0 18.45507,-33.90028,0 18.45451,-33.89962,0 18.45356,-33.89845,0 18.45271,-33.8974,0 18.45204,-33.89653,0 18.45115,-33.89543,0 18.45053,-33.89456,0 18.44971,-33.89352,0 18.4489,-33.8925,0 18.44812,-33.89154,0 18.4473,-33.89063,0 18.44683,-33.89003,0 18.44599,-33.88925,0 18.44507,-33.88845,0 18.44419,-33.88783,0 18.44341,-33.88733,0 18.44251,-33.88683,0 18.44179,-33.88651,0 18.43971,-33.88591,0 18.43881,-33.88573,0 18.43764,-33.88559,0 18.4368,-33.8855,0 18.4358,-33.88551,0 18.43534,-33.88551,0 18.43426,-33.88565,0 18.43299,-33.88596,0 18.43265,-33.88605,0 18.43214,-33.88628,0 18.43168,-33.88654,0 18.4314,-33.88668,0 18.43105,-33.88696,0 18.43054,-33.88747,0 18.43018,-33.88792,0 18.42979,-33.88843,0 18.42962,-33.88866,0 18.42951,-33.88889,0 18.42934,-33.88925,0 18.42916,-33.88961,0 18.429,-33.89008,0 18.42884,-33.89049,0 18.42882,-33.89077,0 18.42872,-33.89104,0 18.42871,-33.89143,0 18.42867,-33.89186,0 18.42865,-33.89227,0 18.42859,-33.89259,0 18.42856,-33.89296,0 18.4285,-33.89328,0 18.42848,-33.89352,0 18.42848,-33.89384,0 18.42848,-33.89413,0 18.42848,-33.89436,0 18.42844,-33.89479,0 18.42844,-33.89507,0 18.42839,-33.89539,0 18.42828,-33.89575,0 18.42819,-33.89608,0 18.42816,-33.8963,0 18.42813,-33.89664,0 18.42808,-33.89692,0 18.42808,-33.8972,0 18.428,-33.89749,0 18.42794,-33.89777,0 18.42791,-33.89804,0 18.42791,-33.89827,0 18.42788,-33.89854,0 18.42783,-33.89882,0 18.42773,-33.89911,0 18.42772,-33.89932,0 18.4276,-33.89964,0 18.42756,-33.8999,0 18.42749,-33.9001,0 18.42745,-33.90032,0 18.42738,-33.90056,0 18.42721,-33.90079,0 18.4271,-33.90102,0 18.42727,-33.90125,0 18.42755,-33.90138,0 18.42777,-33.90143,0 18.42802,-33.90148,0 18.42822,-33.90152,0 18.42854,-33.90162,0 18.429,-33.9017,0 18.42934,-33.90175,0 18.42957,-33.90175,0 18.42979,-33.90176,0 18.43008,-33.90181,0 18.43048,-33.90181,0 18.43088,-33.90185,0 18.43145,-33.90185,0 18.43175,-33.90184,0 18.43214,-33.90181,0 18.43243,-33.90181,0 18.43294,-33.90176,0 18.43332,-33.9017,0 18.43363,-33.90167,0 18.43414,-33.90157,0 18.4345,-33.90152,0 18.43483,-33.90143,0 18.43517,-33.90134,0 18.43603,-33.90111,0 18.43678,-33.90083,0 18.43764,-33.90038,0 18.43842,-33.89987,0 18.43909,-33.89928,0 18.43988,-33.89841,0 18.44021,-33.8979,0 18.44078,-33.89694,0 18.44112,-33.89603,0 18.44147,-33.8951,0 18.44162,-33.89397,0 18.4417,-33.89273,0 18.44158,-33.8918,0 18.44135,-33.89091,0 18.44101,-33.8898,0 18.44061,-33.88879,0 18.4401,-33.88792,0 18.43941,-33.88677,0 18.43889,-33.88602,0 18.43809,-33.8849,0 18.43746,-33.88407,0 18.43666,-33.88309,0 18.43584,-33.88206,0 18.43506,-33.88109,0 18.43443,-33.88025,0 18.43369,-33.87937,0 18.433,-33.87853,0 18.4322,-33.87762,0 18.43151,-33.87695,0 18.43071,-33.87625,0 18.42962,-33.87546,0 18.4285,-33.87474,0 18.42751,-33.8742,0 18.42682,-33.87387,0 18.42514,-33.87318,0 18.42407,-33.87281,0 18.42273,-33.87245,0 18.42144,-33.87218,0 18.41998,-33.8719,0 18.41898,-33.87178,0 18.41772,-33.87164,0 18.41623,-33.87149,0 18.41488,-33.87144,0 18.41348,-33.8714,0 18.41211,-33.87146,0 18.41074,-33.87159,0 18.40948,-33.87173,0 18.40828,-33.87192,0 18.40725,-33.8721,0 18.40602,-33.87236,0 18.40496,-33.87262,0 18.40393,-33.8729,0 18.40267,-33.87327,0 18.40181,-33.8735,0 18.40064,-33.87387,0 18.39941,-33.87425,0 18.39827,-33.87462,0 18.39746,-33.87485,0 18.39616,-33.8752,0 18.39464,-33.87556,0 18.39352,-33.87583,0 18.39223,-33.87611,0 18.39106,-33.87643,0 18.39008,-33.87676,0 18.38894,-33.87713,0 18.38797,-33.87749,0 18.38702,-33.87785,0 18.38612,-33.87817,0 18.38484,-33.87877,0 18.38396,-33.87918,0 18.38316,-33.8796,0 18.38196,-33.88025,0 18.38104,-33.88072,0 18.38013,-33.88124,0 18.37934,-33.8817,0 18.37833,-33.88234,0 18.37761,-33.88281,0 18.37693,-33.8833,0 18.37601,-33.88393,0 18.37503,-33.88463,0 18.37424,-33.88518,0 18.37351,-33.88573,0 18.37262,-33.88637,0 18.37177,-33.88701,0 18.37086,-33.8877,0 18.37017,-33.88826,0 18.36943,-33.88882,0 18.36851,-33.88952,0 18.3676,-33.89012,0 18.36691,-33.89063,0 18.36588,-33.89133,0 18.36525,-33.8918,0 18.36449,-33.89241,0 18.36359,-33.8931,0 18.36297,-33.89365,0 18.36222,-33.89431,0 18.36135,-33.89507,0 18.36073,-33.89561,0 18.36006,-33.89621,0 18.35933,-33.8969,0 18.35855,-33.89757,0 18.35775,-33.89832,0 18.35709,-33.89905,0 18.35655,-33.89967,0 18.35598,-33.90036,0 18.35546,-33.90097,0 18.35489,-33.90171,0 18.35426,-33.9025,0 18.35378,-33.90317,0 18.35329,-33.90385,0 18.35277,-33.90459,0 18.35238,-33.90525,0 18.35182,-33.90601,0 18.35135,-33.90679,0 18.35089,-33.90744,0 18.35037,-33.90814,0 18.35008,-33.90866,0 18.34957,-33.90949,0 18.349,-33.91032,0 18.34846,-33.91118,0 18.34803,-33.91191,0 18.3475,-33.91264,0 18.34711,-33.9133,0 18.3466,-33.9141,0 18.34605,-33.91493,0 18.34551,-33.91577,0 18.34521,-33.91635,0 18.34453,-33.9174,0 18.34414,-33.91815,0 18.3427,-33.92085,0 18.34145,-33.92229,0 18.34047,-33.92294,0 18.3396,-33.92331,0 18.33841,-33.92359,0 18.33736,-33.92372,0 18.33613,-33.92358,0 18.3336,-33.92244,0 18.33243,-33.92125,0 18.33189,-33.92029,0 18.33155,-33.91931,0 18.33142,-33.91809,0 18.33153,-33.91672,0 18.332,-33.91554,0 18.33263,-33.91447,0 18.33349,-33.91349,0 18.33435,-33.91261,0 18.33529,-33.91187,0 18.33624,-33.91107,0 18.3371,-33.91032,0 18.3379,-33.90968,0 18.3387,-33.90898,0 18.33982,-33.90807,0 18.34087,-33.90716,0 18.3419,-33.90628,0 18.34288,-33.90548,0 18.34375,-33.90472,0 18.34498,-33.90367,0 18.34579,-33.90297,0 18.34694,-33.90202,0 18.3479,-33.90125,0 18.34877,-33.90046,0 18.34969,-33.89976,0 18.35077,-33.89892,0 18.3518,-33.89808,0 18.35295,-33.8972,0 18.3539,-33.89644,0 18.35479,-33.89575,0 18.35569,-33.89501,0 18.35678,-33.89417,0 18.35771,-33.89342,0 18.35873,-33.89264,0 18.35989,-33.89172,0 18.3609,-33.89096,0 18.36199,-33.89008,0 18.36302,-33.88924,0 18.36405,-33.88845,0 18.36522,-33.88756,0 18.36611,-33.88692,0 18.36725,-33.88612,0 18.36824,-33.88545,0 18.36943,-33.88467,0 18.37054,-33.88399,0 18.37149,-33.88339,0 18.37284,-33.88266,0 18.37378,-33.88216,0 18.37515,-33.88146,0 18.37641,-33.88081,0 18.37777,-33.88023,0 18.37915,-33.87965,0 18.38046,-33.87918,0 18.3819,-33.87872,0 18.38304,-33.8784,0 18.38425,-33.87807,0 18.38551,-33.87776,0 18.38676,-33.87741,0 18.38792,-33.87717,0 18.389,-33.8769,0 18.39008,-33.87667,0 18.39146,-33.87639,0 18.39246,-33.87621,0 18.39358,-33.87602,0 18.395,-33.87588,0 18.39586,-33.87579,0 18.39728,-33.87566,0 18.39838,-33.8756,0 18.39924,-33.8756,0 18.40053,-33.87552,0 18.40182,-33.87552,0 18.4029,-33.8755,0 18.4041,-33.87555,0 18.40552,-33.87556,0 18.40662,-33.87564,0 18.40782,-33.87574,0 18.40894,-33.87584,0 18.41,-33.87597,0 18.41101,-33.87621,0 18.41219,-33.87653,0 18.41297,-33.87685,0 18.41389,-33.87732,0 18.41454,-33.87772,0 18.4151,-33.87822,0 18.41572,-33.879,0 18.416,-33.87937,0 18.41645,-33.88028,0 18.41667,-33.88069,0 18.41698,-33.88132,0 18.41738,-33.88202,0 18.41774,-33.88243,0 18.41813,-33.88293,0 18.4183,-33.88316,0 18.41858,-33.88346,0 18.41875,-33.88371,0 18.41904,-33.88412,0 18.41942,-33.88454,0 18.41955,-33.88477,0 18.4199,-33.88514,0 18.42004,-33.88541,0 18.42024,-33.88575,0 18.42043,-33.88605,0 18.42076,-33.88655,0 18.42098,-33.88691,0 18.42121,-33.88737,0 18.42133,-33.88783,0 18.42144,-33.88812,0 18.42155,-33.88857,0 18.42173,-33.889,0 18.42183,-33.8893,0 18.42201,-33.88966,0 18.42217,-33.88998,0 18.42241,-33.8904,0 18.42258,-33.89068,0 18.42276,-33.89091,0 18.42301,-33.89127,0 18.42329,-33.89159,0 18.42356,-33.89189,0 18.42367,-33.89212,0 18.4239,-33.89236,0 18.42407,-33.89264,0 18.42424,-33.89291,0 18.42442,-33.8932,0 18.42453,-33.89343,0 18.42464,-33.89371,0 18.42476,-33.89399,0 18.42493,-33.89441,0 18.42514,-33.89479,0 18.42531,-33.89511,0 18.42539,-33.89534,0 18.42553,-33.89557,0 18.42581,-33.89594,0 18.42598,-33.89626,0 18.42625,-33.89664,0 18.42648,-33.89703,0 18.42665,-33.89726,0 18.42676,-33.89749,0 18.42699,-33.89786,0 18.4271,-33.89822,0 18.42721,-33.89859,0 18.42728,-33.89887,0 18.42732,-33.89919,0 18.42733,-33.89943,0 18.42738,-33.89964,0 18.42733,-33.8999,0 18.42732,-33.9001,0 18.42738,-33.90033,0 18.42743,-33.90056,0 18.42766,-33.90074,0 18.428,-33.90083,0 18.42828,-33.90083,0 18.42854,-33.90088,0 18.42888,-33.90088,0 18.42934,-33.90092,0 18.42957,-33.90092,0 18.42979,-33.90092,0 18.43018,-33.90092,0 18.43046,-33.90092,0 18.43102,-33.90092,0 18.4313,-33.90092,0 18.43157,-33.90092,0 18.43203,-33.90092,0 18.43243,-33.90092,0 18.4327,-33.90092,0 18.43315,-33.90092,0 18.43351,-33.90088,0 18.43397,-33.90088,0 18.43433,-33.90083,0 18.43472,-33.90079,0 18.435,-33.90079,0 18.43539,-33.90074,0 18.43575,-33.90074,0 18.43615,-33.90074,0 18.43649,-33.90069,0 18.4374,-33.90069,0 18.43831,-33.9007,0 18.43926,-33.9007,0 18.44016,-33.9007,0 18.44112,-33.90074,0 18.44201,-33.90083,0 18.44296,-33.90097,0 18.4437,-33.90111,0 18.44467,-33.90125,0 18.44553,-33.90144,0 18.44633,-33.90162,0 18.44719,-33.9019,0 18.44788,-33.90218,0 18.44857,-33.90244,0 18.4493,-33.90276,0 18.45019,-33.90321,0 18.45075,-33.90353,0 18.45148,-33.90395,0 18.45211,-33.90432,0 18.45268,-33.90469,0 18.45331,-33.90511,0 18.45406,-33.90562,0 18.45457,-33.90601,0 18.45524,-33.90646,0 18.4558,-33.90688,0 18.45652,-33.9073,0 18.45709,-33.9077,0 18.45778,-33.90814,0 18.45846,-33.90865,0 18.45898,-33.90898,0 18.45961,-33.90939,0 18.46029,-33.90986,0 18.4609,-33.91026,0 18.46168,-33.91081,0 18.46219,-33.91122,0 18.46275,-33.91159,0 18.4635,-33.91219,0 18.46398,-33.91255,0 18.46453,-33.91298,0 18.46498,-33.91335,0 18.46544,-33.91374,0 18.466,-33.9142,0 18.4667,-33.91484,0 18.46722,-33.91531,0 18.46774,-33.91576,0 18.46842,-33.91647,0 18.4688,-33.9169,0 18.46936,-33.91759,0 18.46981,-33.91818,0 18.47031,-33.91889,0 18.47076,-33.91945,0 18.47111,-33.9201,0 18.47151,-33.92071,0 18.47191,-33.92141,0 18.47242,-33.92229,0 18.47278,-33.92299,0 18.47306,-33.92363,0 18.47346,-33.92441,0 18.47374,-33.92504,0 18.47407,-33.92574,0 18.47437,-33.92643,0 18.4748,-33.92729,0 18.47508,-33.92789,0 18.47536,-33.92848,0 18.47574,-33.92927,0 18.47597,-33.92983,0 18.47626,-33.93067,0 18.47654,-33.93132,0 18.47676,-33.93196,0 18.47699,-33.9326,0 18.47729,-33.93341,0 18.47752,-33.93407,0 18.47777,-33.93471,0 18.47799,-33.93549,0 18.4782,-33.93612,0 18.47849,-33.93695,0 18.47866,-33.93751,0 18.47889,-33.93832,0 18.47906,-33.93905,0 18.47929,-33.93989,0 18.47952,-33.94054,0 18.47969,-33.94119,0 18.47985,-33.94203,0 18.48003,-33.94277,0 18.48015,-33.9437,0 18.48026,-33.9444,0 18.48029,-33.94492,0 18.48046,-33.94583,0 18.48057,-33.9467,0 18.48066,-33.94738,0 18.48078,-33.94831,0 18.48089,-33.94915,0 18.48091,-33.94981,0 18.48102,-33.95078,0 18.48102,-33.95137,0 18.48106,-33.95199,0 18.48119,-33.95284,0 18.48124,-33.95339,0 18.48129,-33.95413,0 18.48135,-33.95502,0 18.48141,-33.95576,0 18.48147,-33.9565,0 18.48152,-33.95734,0 18.48158,-33.95809,0 18.48164,-33.95865,0 18.4817,-33.95947,0 18.48198,-33.96222,0 18.48225,-33.96515,0 18.48225,-33.96597,0 18.48232,-33.96684,0 18.48237,-33.96744,0 18.48244,-33.96884,0 18.48242,-33.96977,0 18.48248,-33.97041,0 18.48248,-33.97105,0 18.48249,-33.97192,0 18.48253,-33.97279,0 18.48255,-33.97368,0 18.48259,-33.97435,0 18.48265,-33.97531,0 18.48267,-33.9761,0 18.48267,-33.97685,0 18.48267,-33.97773,0 18.4827,-33.97852,0 18.48272,-33.97946,0 18.4827,-33.98039,0 18.4827,-33.98117,0 18.48265,-33.98209,0 18.48255,-33.98272,0 18.48249,-33.98369,0 18.48244,-33.98453,0 18.48238,-33.98532,0 18.48227,-33.9863,0 18.48214,-33.98726,0 18.48209,-33.98804,0 18.48203,-33.98886,0 18.48203,-33.98959,0 18.48198,-33.99054,0 18.48192,-33.99137,0 18.48186,-33.99252,0 18.48175,-33.99348,0 18.48169,-33.99421,0 18.48164,-33.99524,0 18.48158,-33.99607,0 18.48152,-33.99682,0 18.48146,-33.99752,0 18.48141,-33.99857,0 18.48136,-33.9993,0 18.4813,-34.00026,0 18.48119,-34.00333,0 18.48106,-34.00581,0 18.48095,-34.00906,0 18.48095,-34.00981,0 18.48089,-34.01065,0 18.4808,-34.01147,0 18.48069,-34.01239,0 18.48061,-34.01316,0 18.48046,-34.01413,0 18.48038,-34.01493,0 18.48021,-34.01595,0 18.48007,-34.01674,0 18.4799,-34.01775,0 18.47973,-34.01852,0 18.47956,-34.01944,0 18.4794,-34.02037,0 18.47923,-34.02122,0 18.47912,-34.02219,0 18.47906,-34.02283,0 18.47906,-34.02373,0 18.47906,-34.02443,0 18.47906,-34.02526,0 18.47906,-34.02601,0 18.47906,-34.02694,0 18.47906,-34.02768,0 18.47906,-34.02843,0 18.47912,-34.02942,0 18.47912,-34.03024,0 18.47912,-34.03107,0 18.47912,-34.03188,0 18.47917,-34.03262,0 18.47923,-34.03358,0 18.47935,-34.03467,0 18.4794,-34.03625,0 18.47945,-34.03734,0 18.47952,-34.0383,0 18.47956,-34.03931,0 18.47963,-34.04016,0 18.47962,-34.04109,0 18.47963,-34.04202,0 18.47962,-34.04288,0 18.47963,-34.04365,0 18.47962,-34.04462,0 18.47958,-34.04523,0 18.47956,-34.04617,0 18.47958,-34.04672,0 18.47951,-34.04796,0 18.47951,-34.04869,0 18.47952,-34.04975,0 18.47956,-34.05052,0 18.47958,-34.05128,0 18.47958,-34.05198,0 18.47958,-34.05273,0 18.47962,-34.05363,0 18.47963,-34.05441,0 18.47962,-34.05515,0 18.47963,-34.05603,0 18.47963,-34.05664,0 18.47963,-34.05753,0 18.47962,-34.06027,0 18.47952,-34.06274,0 18.4794,-34.06531,0 18.4794,-34.06609,0 18.47934,-34.06682,0 18.47934,-34.06773,0 18.47935,-34.0686,0 18.47935,-34.06939,0 18.47935,-34.07037,0 18.47934,-34.07098,0 18.47934,-34.0719,0 18.47929,-34.07279,0 18.47929,-34.07535,0 18.47929,-34.07796,0 18.47934,-34.0806,0 18.47934,-34.08124,0 18.4794,-34.0822,0 18.47946,-34.08289,0 18.47951,-34.0838,0 18.47958,-34.08438,0 18.47963,-34.08532,0 18.47973,-34.08623,0 18.47975,-34.08699,0 18.4799,-34.08861,0 18.47992,-34.0895,0 18.48009,-34.09225,0 18.48038,-34.09505,0 18.48043,-34.09607,0 18.48046,-34.09689,0 18.48046,-34.09781,0 18.48046,-34.09868,0 18.48041,-34.09955,0 18.48038,-34.1004,0 18.48026,-34.10119,0 18.48018,-34.10211,0 18.48007,-34.10289,0 18.47998,-34.1038,0 18.47985,-34.10481,0 18.47979,-34.10541,0 18.47968,-34.10637,0 18.47958,-34.1072,0 18.47951,-34.10797,0 18.47946,-34.10873,0 18.47934,-34.10957,0 18.47912,-34.11191,0 18.47878,-34.11534,0 18.47855,-34.11786,0 18.47832,-34.1207,0 18.47803,-34.12321,0 18.47769,-34.12633,0 18.47746,-34.12907,0 18.47723,-34.1315,0 18.47712,-34.13415,0 18.477,-34.13652,0 18.47693,-34.13741,0 18.47687,-34.13837,0 18.47682,-34.1391,0 18.47677,-34.14016,0 18.47671,-34.14102,0 18.47665,-34.14189,0 18.4766,-34.14346,0 18.47654,-34.14434,0 18.47654,-34.14528,0 18.47648,-34.14597,0 18.47631,-34.14954,0 18.47631,-34.15027,0 18.47631,-34.15292,0 18.47626,-34.15594,0 18.47614,-34.15855,0 18.47614,-34.15952,0 18.47614,-34.1605,0 18.47614,-34.16162,0 18.47614,-34.16245,0 18.47614,-34.16343,0 18.47609,-34.16422,0 18.47609,-34.1651,0 18.47603,-34.16606,0 18.47597,-34.16706,0 18.47592,-34.16808,0 18.47586,-34.16904,0 18.47581,-34.17,0 18.47581,-34.17068,0 18.47574,-34.17186,0 18.47575,-34.17274,0 18.47569,-34.17381,0 18.47569,-34.17465,0 18.47564,-34.1754,0 18.47563,-34.17637,0 18.47558,-34.17691,0 18.47551,-34.17809,0 18.47547,-34.17888,0 18.4754,-34.17949,0 18.47536,-34.18039,0 18.47528,-34.18145,0 18.47523,-34.18214,0 18.47519,-34.18304,0 18.47511,-34.18401,0 18.47508,-34.18474,0 18.47506,-34.18554,0 18.47491,-34.18817,0 18.47491,-34.18895,0 18.47494,-34.18964,0 18.47502,-34.19041,0 18.47508,-34.19128,0 18.47517,-34.19197,0 18.47523,-34.19281,0 18.47525,-34.19362,0 18.4753,-34.19444,0 18.47534,-34.19527,0 18.47536,-34.19591,0 18.47542,-34.19678,0 18.4754,-34.19741,0 18.47547,-34.19824,0 18.47546,-34.19881,0 18.47553,-34.1998,0 18.47553,-34.20039,0 18.47558,-34.20131,0 18.47558,-34.2019,0 18.47569,-34.20286,0 18.4757,-34.20351,0 18.47574,-34.2043,0 18.47575,-34.20497,0 18.4758,-34.20575,0 18.47581,-34.20653,0 18.47586,-34.20712,0 18.47586,-34.20781,0 18.47591,-34.20849,0 18.47598,-34.20914,0 18.47597,-34.20984,0 18.47603,-34.21037,0 18.47609,-34.21078,0 18.47609,-34.21106,0 18.47609,-34.21143,0 18.47609,-34.2117,0 18.47609,-34.21225,0 18.47609,-34.21296,0 18.47609,-34.21324,0 18.47614,-34.21347,0 18.47614,-34.21371,0 18.47614,-34.21413,0 18.47614,-34.21441,0 18.47614,-34.21472,0 18.4762,-34.21496,0 18.4762,-34.21523,0 18.4762,-34.21545,0 18.4762,-34.21587,0 18.4762,-34.21627,0 18.47626,-34.21687,0 18.47626,-34.2171,0 18.47626,-34.21747,0 18.47631,-34.21771,0 18.47631,-34.21806,0 18.47631,-34.21829,0 18.47637,-34.21878,0 18.47637,-34.21911,0 18.47637,-34.21934,0 18.47637,-34.21967,0 18.47643,-34.22017,0 18.47643,-34.2206,0 18.47649,-34.22092,0 18.47649,-34.22116,0 18.47649,-34.22148,0 18.47649,-34.22171,0 18.47654,-34.22195,0 18.47654,-34.22218,0 18.47659,-34.22241,0 18.47665,-34.22296,0 18.47666,-34.22339,0 18.47671,-34.22365,0 18.47672,-34.22404,0 18.47671,-34.22433,0 18.47671,-34.22456,0 18.47676,-34.22493,0 18.47677,-34.22525,0 18.47677,-34.22562,0 18.47683,-34.22586,0 18.47683,-34.22637,0 18.47687,-34.22676,0 18.47683,-34.22725,0 18.47683,-34.22776,0 18.47677,-34.22823,0 18.47676,-34.22859,0 18.47677,-34.22907,0 18.47672,-34.22944,0 18.47671,-34.22974,0 18.47666,-34.23014,0 18.47659,-34.23038,0 18.47654,-34.2307,0 18.47648,-34.23097,0 18.47643,-34.2312,0 18.47637,-34.23149,0 18.47631,-34.23184,0 18.47626,-34.23225,0 18.4762,-34.23251,0 18.47614,-34.23284,0 18.47609,-34.23312,0 18.47597,-34.23335,0 18.47591,-34.23363,0 18.47581,-34.2339,0 18.47575,-34.23413,0 18.47563,-34.23438,0 18.47546,-34.23461,0 18.47536,-34.23482,0 18.47517,-34.23503,0 18.47508,-34.23523,0 18.47534,-34.23545,0 18.47574,-34.23573,0 18.47609,-34.236,0 18.47649,-34.23624,0 18.47682,-34.23651,0 18.47734,-34.2368,0 18.47757,-34.23693,0 18.47786,-34.23708,0 18.47809,-34.23717,0 18.47832,-34.23726,0 18.4786,-34.23735,0 18.47889,-34.23743,0 18.47928,-34.23756,0 18.47956,-34.23761,0 18.4799,-34.2377,0 18.48015,-34.23773,0 18.48063,-34.23775,0 18.48097,-34.2377,0 18.48129,-34.23768,0 18.48181,-34.23761,0 18.4822,-34.23752,0 18.48265,-34.23734,0 18.48343,-34.23697,0 18.48416,-34.23637,0 18.48473,-34.23573,0 18.48523,-34.23486,0 18.48553,-34.23391,0 18.48567,-34.23303,0 18.48564,-34.232,0 18.48553,-34.23093,0 18.48536,-34.22991,0 18.48517,-34.22891,0 18.48495,-34.22763,0 18.48472,-34.22667,0 18.4845,-34.22544,0 18.48433,-34.22447,0 18.48416,-34.22351,0 18.48392,-34.22232,0 18.48377,-34.22131,0 18.48358,-34.22027,0 18.48341,-34.2192,0 18.48321,-34.21793,0 18.48307,-34.21692,0 18.48287,-34.21564,0 18.48267,-34.21431,0 18.48255,-34.21343,0 18.48237,-34.21198,0 18.48214,-34.21065,0 18.48203,-34.20955,0 18.48186,-34.20822,0 18.48169,-34.20682,0 18.48158,-34.20561,0 18.48141,-34.2043,0 18.48112,-34.20151,0 18.48089,-34.19997,0 18.48029,-34.19485,0 18.47968,-34.18968,0 18.47906,-34.1854,0 18.47833,-34.18066,0 18.4778,-34.17712,0 18.47717,-34.1727,0 18.47648,-34.16798,0 18.47586,-34.16385,0 18.4753,-34.15919,0 18.47458,-34.15315,0 18.47391,-34.14728,0 18.47362,-34.14294,0 18.47345,-34.1389,0 18.47322,-34.1328,0 18.47311,-34.12852,0 18.47301,-34.12404,0 18.47295,-34.11946,0 18.47301,-34.11539,0 18.47282,-34.10962,0 18.4726,-34.10547,0 18.47219,-34.10124,0 18.472,-34.09959,0 18.47185,-34.09826,0 18.47177,-34.09712,0 18.47162,-34.09551,0 18.47151,-34.09393,0 18.47139,-34.09262,0 18.47121,-34.09099,0 18.47099,-34.08992,0 18.47054,-34.0882,0 18.47008,-34.08704,0 18.46953,-34.08586,0 18.4687,-34.08443,0 18.46791,-34.0833,0 18.46699,-34.0821,0 18.466,-34.08092,0 18.46504,-34.07987,0 18.46398,-34.07877,0 18.4628,-34.07758,0 18.46184,-34.07661,0 18.46084,-34.07552,0 18.46001,-34.07452,0 18.45933,-34.07355,0 18.4586,-34.07227,0 18.45804,-34.07098,0 18.45759,-34.06956,0 18.4572,-34.06842,0 18.45686,-34.06735,0 18.4563,-34.06604,0 18.45597,-34.06526,0 18.45531,-34.06404,0 18.45457,-34.06297,0 18.4536,-34.06195,0 18.45251,-34.0612,0 18.45148,-34.0606,0 18.45022,-34.05994,0 18.44919,-34.05939,0 18.44822,-34.05887,0 18.44722,-34.0583,0 18.44633,-34.05771,0 18.4453,-34.05683,0 18.44431,-34.05569,0 18.4437,-34.05464,0 18.44324,-34.05366,0 18.44284,-34.05264,0 18.44246,-34.05135,0 18.44206,-34.05011,0 18.44179,-34.04915,0 18.44139,-34.04778,0 18.44101,-34.04668,0 18.44067,-34.04565,0 18.44009,-34.04444,0 18.43964,-34.04346,0 18.43918,-34.04263,0 18.43837,-34.04146,0 18.43764,-34.04045,0 18.43689,-34.03965,0 18.43592,-34.03881,0 18.43478,-34.03812,0 18.43382,-34.0377,0 18.43254,-34.0372,0 18.4314,-34.03681,0 18.43054,-34.03658,0 18.42923,-34.03619,0 18.42788,-34.03564,0 18.42693,-34.03513,0 18.42607,-34.03457,0 18.42505,-34.03364,0 18.42419,-34.03281,0 18.42351,-34.03198,0 18.42281,-34.03113,0 18.42207,-34.0302,0 18.42121,-34.02931,0 18.42052,-34.02866,0 18.42001,-34.02824,0 18.4188,-34.02754,0 18.41785,-34.02718,0 18.41723,-34.02704,0 18.416,-34.02694,0 18.4151,-34.02708,0 18.41432,-34.02731,0 18.41349,-34.02755,0 18.41281,-34.02773,0 18.412,-34.02796,0 18.41124,-34.02814,0 18.41057,-34.02829,0 18.41,-34.02841,0 18.40948,-34.02852,0 18.40885,-34.02871,0 18.40838,-34.02896,0 18.40793,-34.02924,0 18.40765,-34.02941,0 18.40714,-34.02974,0 18.40679,-34.02996,0 18.40651,-34.03015,0 18.40614,-34.03047,0 18.40576,-34.03085,0 18.40548,-34.03117,0 18.40524,-34.03143,0 18.40507,-34.03185,0 18.40485,-34.03225,0 18.40467,-34.03267,0 18.40445,-34.03304,0 18.40429,-34.03336,0 18.40416,-34.03369,0 18.40417,-34.03395,0 18.40422,-34.03439,0 18.40433,-34.03471,0 18.40462,-34.03513,0 18.4049,-34.03551,0 18.40507,-34.03583,0 18.40536,-34.03616,0 18.40569,-34.03647,0 18.40599,-34.03672,0 18.40633,-34.0369,0 18.40675,-34.03711,0 18.40709,-34.03729,0 18.40748,-34.03752,0 18.40794,-34.03778,0 18.40827,-34.03798,0 18.4086,-34.03821,0 18.40891,-34.03844,0 18.40914,-34.03858,0 18.40942,-34.03876,0 18.40965,-34.0389,0 18.40995,-34.03903,0 18.41022,-34.03913,0 18.41045,-34.03923,0 18.41068,-34.03931,0 18.41097,-34.03946,0 18.41118,-34.03954,0 18.41143,-34.03965,0 18.41163,-34.03972,0 18.41191,-34.03981,0 18.41211,-34.03988,0 18.41234,-34.03988,0 18.41257,-34.03983,0 18.4128,-34.03993,0 18.41281,-34.04022,0 18.41257,-34.04053,0 18.41219,-34.04077,0 18.41171,-34.04095,0 18.41118,-34.04105,0 18.41045,-34.041,0 18.40972,-34.04086,0 18.40902,-34.04049,0 18.40857,-34.04012,0 18.40804,-34.03958,0 18.40771,-34.0389,0 18.40759,-34.03797,0 18.40776,-34.03718,0 18.40799,-34.03656,0 18.40843,-34.03578,0 18.40888,-34.0351,0 18.4095,-34.03436,0 18.41,-34.03377,0 18.41056,-34.03313,0 18.41137,-34.03229,0 18.41183,-34.03178,0 18.41258,-34.03107,0 18.41337,-34.03034,0 18.41417,-34.02959,0 18.41494,-34.02892,0 18.41566,-34.02827,0 18.41645,-34.02763,0 18.41726,-34.02694,0 18.41796,-34.02635,0 18.41892,-34.0255,0 18.4197,-34.02484,0 18.4207,-34.02401,0 18.4215,-34.02331,0 18.42239,-34.02246,0 18.42321,-34.02172,0 18.42413,-34.02094,0 18.42497,-34.02013,0 18.42579,-34.01935,0 18.42676,-34.01847,0 18.42783,-34.01756,0 18.42878,-34.01665,0 18.42985,-34.01567,0 18.43237,-34.01335,0 18.4362,-34.00976,0 18.43971,-34.0063,0 18.44134,-34.00456,0 18.44223,-34.00365,0 18.44318,-34.00259,0 18.44398,-34.00171,0 18.44481,-34.00081,0 18.44565,-33.99994,0 18.44662,-33.99887,0 18.44739,-33.99802,0 18.44839,-33.99691,0 18.44942,-33.9957,0 18.4503,-33.99463,0 18.45102,-33.99375,0 18.45176,-33.99289,0 18.45274,-33.99161,0 18.45348,-33.99068,0 18.45423,-33.98974,0 18.45497,-33.98881,0 18.45594,-33.98751,0 18.45686,-33.98634,0 18.4576,-33.98532,0 18.45832,-33.98442,0 18.45909,-33.98341,0 18.46018,-33.98192,0 18.46084,-33.98099,0 18.46167,-33.97983,0 18.46247,-33.9787,0 18.46331,-33.97751,0 18.46413,-33.97647,0 18.46494,-33.97536,0 18.46567,-33.97443,0 18.46647,-33.97336,0 18.46722,-33.97238,0 18.46882,-33.97028,0 18.46992,-33.96881,0 18.47059,-33.96782,0 18.47219,-33.96554,0 18.47294,-33.96437,0 18.47374,-33.96312,0 18.47446,-33.96176,0 18.47497,-33.96066,0 18.47558,-33.95934,0 18.47603,-33.95824,0 18.47649,-33.95692,0 18.47699,-33.95549,0 18.47729,-33.95432,0 18.4776,-33.95306,0 18.47788,-33.95201,0 18.47822,-33.95036,0 18.47837,-33.94938,0 18.4786,-33.94785,0 18.47867,-33.9467,0 18.47878,-33.94514,0 18.47872,-33.94361,0 18.47872,-33.94258,0 18.47866,-33.94101,0 18.47856,-33.93993,0 18.47844,-33.93855,0 18.47828,-33.93709,0 18.47809,-33.93602,0 18.47786,-33.93481,0 18.47743,-33.93333,0 18.47704,-33.93201,0 18.47671,-33.93091,0 18.4762,-33.92958,0 18.47586,-33.92857,0 18.47542,-33.92743,0 18.47502,-33.92624,0 18.47443,-33.9248,0 18.4739,-33.92372,0 18.47334,-33.92248,0 18.47277,-33.92145,0 18.47208,-33.9202,0 18.47144,-33.91919,0 18.47082,-33.91818,0 18.46981,-33.91663,0 18.46916,-33.91568,0 18.4683,-33.91442,0 18.46757,-33.91338,0 18.4667,-33.91219,0 18.46579,-33.91107,0 18.46505,-33.91013,0 18.46426,-33.90921,0 18.46321,-33.90791,0 18.46241,-33.90693,0 18.46149,-33.90586,0 18.4609,-33.90509,0 18.45989,-33.9039,0 18.45933,-33.90321,0 18.45835,-33.90208,0 18.45732,-33.90097,0 18.45652,-33.90009,0 18.45549,-33.89897,0 18.45474,-33.89808,0 18.454,-33.89731,0 18.453,-33.89621,0 18.45228,-33.89543,0 18.45148,-33.89464,0 18.45019,-33.89342,0 18.44918,-33.89255,0 18.44828,-33.8918,0 18.44739,-33.89113,0 18.44649,-33.89049,0 18.44536,-33.8898,0 18.44433,-33.88919,0 18.44318,-33.88858,0 18.44244,-33.88826,0 18.44139,-33.88783,0 18.44055,-33.88752,0 18.43966,-33.88733,0 18.43941,-33.88728,0 18.43849,-33.8871,0 18.43786,-33.88705,0 18.43729,-33.887,0 18.43685,-33.88696,0 18.43629,-33.88696,0 18.43584,-33.88696,0 18.43529,-33.887,0 18.43483,-33.88701,0 18.4346,-33.88705,0 18.4338,-33.8871,0 18.43328,-33.88719,0 18.43293,-33.88728,0 18.43254,-33.88737,0 18.43203,-33.88756,0 18.43142,-33.88783,0 18.43085,-33.88824,0 18.4306,-33.88845,0 18.43037,-33.88863,0 18.43018,-33.88884,0 18.42968,-33.88929,0 18.42934,-33.88966,0 18.42895,-33.89012,0 18.42867,-33.89049,0 18.42844,-33.89081,0 18.42828,-33.89108,0 18.428,-33.89149,0 18.42779,-33.89189,0 18.42766,-33.89218,0 18.42751,-33.89254,0 18.42745,-33.89278,0 18.42739,-33.89305,0 18.42728,-33.89329,0 18.42721,-33.89365,0 18.42716,-33.89394,0 18.4271,-33.89438,0 18.42705,-33.89473,0 18.42705,-33.89496,0 18.42704,-33.89525,0 18.42705,-33.89548,0 18.42704,-33.8958,0 18.42704,-33.89603,0 18.42705,-33.89627,0 18.4271,-33.89658,0 18.4271,-33.89678,0 18.42716,-33.89711,0 18.42721,-33.8974,0 18.42727,-33.89763,0 18.42732,-33.8979,0 18.42738,-33.89818,0 18.42743,-33.89841,0 18.42745,-33.89874,0 18.42751,-33.89897,0 18.42745,-33.89925,0 18.42749,-33.89955,0 18.42745,-33.89981,0 18.42743,-33.90005,0 18.42751,-33.90027,0 18.42751,-33.90051,0 18.4276,-33.90074,0 18.42796,-33.90088,0 18.42831,-33.90097,0 18.42872,-33.90106,0 18.42917,-33.90115,0 18.42985,-33.90134,0 18.43024,-33.90143,0 18.43054,-33.90148,0 18.43077,-33.90153,0 18.43125,-33.90166,0 18.43158,-33.9017,0 18.4318,-33.90171,0 18.43209,-33.90175,0 18.43248,-33.90179,0 18.43277,-33.90181,0 18.43306,-33.90185,0 18.43349,-33.90189,0 18.43382,-33.90189,0 18.4341,-33.90184,0 18.43444,-33.90184,0 18.43478,-33.90179,0 18.43562,-33.90161,0 18.43632,-33.90134,0 18.437,-33.90106,0 18.43775,-33.9006,0 18.43837,-33.89996,0 18.43893,-33.89932,0 18.43946,-33.89836,0 18.43977,-33.89745,0 18.43999,-33.8963,0 18.43999,-33.89511,0 18.43988,-33.89397,0 18.43966,-33.89282,0 18.43929,-33.89143,0 18.43895,-33.8905,0 18.43842,-33.88934,0 18.43798,-33.88835,0 18.43746,-33.88742,0 18.43668,-33.88628,0 18.43607,-33.88541,0 18.43517,-33.88426,0 18.43427,-33.88326,0 18.43328,-33.88221,0 18.43237,-33.88142,0 18.43142,-33.88074,0 18.43035,-33.87996,0 18.42911,-33.87918,0 18.42788,-33.87849,0 18.42682,-33.8779,0 18.4255,-33.87723,0 18.42413,-33.87662,0 18.42299,-33.87611,0 18.4219,-33.87564,0 18.4211,-33.87537,0 18.41944,-33.87481,0 18.41795,-33.87439,0 18.41692,-33.87415,0 18.41549,-33.87383,0 18.41412,-33.8736,0 18.41286,-33.87341,0 18.4116,-33.87327,0 18.41011,-33.87309,0 18.40883,-33.873,0 18.40754,-33.87291,0 18.40597,-33.87282,0 18.40501,-33.87277,0 18.40364,-33.87281,0 18.40204,-33.87282,0 18.40061,-33.8729,0 18.39958,-33.873,0 18.39829,-33.87314,0 18.39724,-33.87327,0 18.39554,-33.87346,0 18.39437,-33.8736,0 18.39308,-33.87378,0 18.39203,-33.87397,0 18.39055,-33.87428,0 18.38949,-33.87456,0 18.38814,-33.87492,0 18.38708,-33.87524,0 18.38562,-33.87574,0 18.38448,-33.87616,0 18.38332,-33.87666,0 18.38242,-33.87709,0 18.38133,-33.8776,0 18.38018,-33.87822,0 18.37921,-33.87877,0 18.37822,-33.87932,0 18.37761,-33.8797,0 18.37652,-33.88039,0 18.37572,-33.88091,0 18.37475,-33.88151,0 18.37379,-33.8822,0 18.37286,-33.88286,0 18.37228,-33.88335,0 18.37126,-33.88412,0 18.37049,-33.88472,0 18.3696,-33.88537,0 18.36874,-33.88602,0 18.368,-33.88659,0 18.36701,-33.88737,0 18.36623,-33.88802,0 18.36554,-33.88858,0 18.36473,-33.88929,0 18.36405,-33.88989,0 18.36336,-33.89045,0 18.36247,-33.89127,0 18.36174,-33.89191,0 18.36096,-33.89259,0 18.36023,-33.89333,0 18.35964,-33.89389,0 18.35878,-33.89468,0 18.35815,-33.89529,0 18.35743,-33.89598,0 18.35681,-33.89658,0 18.35608,-33.89726,0 18.35535,-33.8979,0 18.35455,-33.89864,0 18.35386,-33.89925,0 18.35312,-33.89999,0 18.35227,-33.90074,0 18.35154,-33.90147,0 18.35092,-33.90211,0 18.35014,-33.90288,0 18.34947,-33.90353,0 18.349,-33.904,0 18.34826,-33.90474,0 18.34763,-33.90544,0 18.34705,-33.90604,0 18.34631,-33.90679,0 18.34557,-33.90758,0 18.34504,-33.90816,0 18.34425,-33.90898,0 18.34368,-33.90953,0 18.34293,-33.91037,0 18.34236,-33.91098,0 18.34173,-33.91173,0 18.34106,-33.91255,0 18.34053,-33.91317,0 18.33999,-33.91397,0 18.33926,-33.91507,0 18.3387,-33.91587,0 18.33824,-33.91652,0 18.33775,-33.91731,0 18.33721,-33.9181,0 18.33674,-33.91882,0 18.33624,-33.91956,0 18.33579,-33.92024,0 18.33509,-33.92122,0 18.33456,-33.92203,0 18.33405,-33.92271,0 18.33338,-33.92378,0 18.33282,-33.92464,0 18.33229,-33.92536,0 18.3316,-33.92639,0 18.33108,-33.92715,0 18.33058,-33.92784,0 18.32996,-33.92876,0 18.32949,-33.92946,0 18.32901,-33.93031,0 18.32851,-33.93109,0 18.32811,-33.93174,0 18.32749,-33.93265,0 18.32705,-33.93338,0 18.32654,-33.9342,0 18.32604,-33.93498,0 18.32542,-33.93598,0 18.32502,-33.93668,0 18.32445,-33.93756,0 18.32233,-33.94101,0 18.32166,-33.94208,0 18.32113,-33.94291,0 18.3206,-33.94368,0 18.31993,-33.9446,0 18.31942,-33.94542,0 18.31886,-33.9462,0 18.31827,-33.94696,0 18.31785,-33.94766,0 18.3173,-33.94845,0 18.31673,-33.94929,0 18.31617,-33.95013,0 18.3157,-33.95082,0 18.31369,-33.95413,0 18.31244,-33.95618,0 18.31123,-33.95809,0 18.30889,-33.96177,0 18.30643,-33.96544,0 18.30414,-33.96922,0 18.30305,-33.97115,0 18.30214,-33.97285,0 18.30105,-33.97494,0 18.30002,-33.9768,0 18.29899,-33.97876,0 18.29819,-33.98053,0 18.29739,-33.98262,0 18.2967,-33.98462,0 18.29681,-33.98639,0 18.2979,-33.9877,0 18.29996,-33.98825,0 18.3021,-33.98785,0 18.30479,-33.98639,0 18.30703,-33.98442,0 18.30912,-33.9822,0 18.31129,-33.97975,0 18.31335,-33.9775,0 18.31547,-33.97517,0 18.31791,-33.97261,0 18.32262,-33.96777,0 18.32737,-33.96293,0 18.33212,-33.9579,0 18.33515,-33.95446,0 18.33704,-33.95222,0 18.33778,-33.95129,0 18.33848,-33.95036,0 18.33938,-33.94917,0 18.34013,-33.94822,0 18.34083,-33.94725,0 18.34156,-33.94622,0 18.34225,-33.94529,0 18.34305,-33.94412,0 18.34381,-33.94308,0 18.34453,-33.94203,0 18.34509,-33.94121,0 18.34784,-33.93704,0 18.34846,-33.93604,0 18.34934,-33.93463,0 18.35014,-33.93346,0 18.35081,-33.93242,0 18.3516,-33.93127,0 18.35232,-33.9303,0 18.353,-33.92937,0 18.3539,-33.92816,0 18.35457,-33.92725,0 18.35541,-33.92601,0 18.35619,-33.92487,0 18.35681,-33.92386,0 18.35754,-33.92281,0 18.35827,-33.92162,0 18.359,-33.92056,0 18.35964,-33.91959,0 18.36033,-33.91852,0 18.36118,-33.91736,0 18.3618,-33.91649,0 18.36247,-33.91557,0 18.36309,-33.91466,0 18.36393,-33.91351,0 18.36477,-33.91241,0 18.36548,-33.91144,0 18.36628,-33.91026,0 18.36697,-33.90939,0 18.36788,-33.90809,0 18.36852,-33.9072,0 18.37149,-33.9033,0 18.37252,-33.90213,0 18.37326,-33.90129,0 18.37423,-33.90022,0 18.37515,-33.89929,0 18.37598,-33.8985,0 18.37692,-33.89757,0 18.37772,-33.8968,0 18.37875,-33.8958,0 18.37951,-33.89507,0 18.38052,-33.8942,0 18.38133,-33.89338,0 18.38231,-33.89255,0 18.3831,-33.89185,0 18.38408,-33.89105,0 18.38517,-33.89017,0 18.38612,-33.88939,0 18.38694,-33.88877,0 18.38809,-33.88792,0 18.38915,-33.8871,0 18.39003,-33.88649,0 18.39117,-33.88565,0 18.39235,-33.8849,0 18.39334,-33.88435,0 18.39442,-33.88376,0 18.39558,-33.88319,0 18.39678,-33.88263,0 18.39773,-33.88225,0 18.39885,-33.88179,0 18.39991,-33.88142,0 18.40101,-33.88109,0 18.40221,-33.88074,0 18.40313,-33.88053,0 18.40427,-33.8803,0 18.40518,-33.8801,0 18.40622,-33.87988,0 18.40708,-33.87974,0 18.40788,-33.8796,0 18.40871,-33.87946,0 18.40956,-33.87932,0 18.41063,-33.87914,0 18.41135,-33.879,0 18.4123,-33.87886,0 18.41309,-33.87877,0 18.41383,-33.87872,0 18.41463,-33.87872,0 18.41538,-33.87877,0 18.41623,-33.87891,0 18.41701,-33.87914,0 18.41778,-33.87941,0 18.41841,-33.8797,0 18.41892,-33.88002,0 18.41944,-33.88034,0 18.41978,-33.88067,0 18.41998,-33.88115,0 18.42007,-33.8816,0 18.41998,-33.8822,0 18.41981,-33.8828,0 18.41967,-33.88319,0 18.41949,-33.88388,0 18.41955,-33.8843,0 18.41967,-33.88472,0 18.42001,-33.88519,0 18.42015,-33.88541,0 18.42058,-33.88579,0 18.42088,-33.88609,0 18.4211,-33.88631,0 18.42144,-33.88663,0 18.42166,-33.88687,0 18.42201,-33.88728,0 18.4223,-33.88765,0 18.4225,-33.88797,0 18.42273,-33.88834,0 18.42287,-33.88854,0 18.42306,-33.88879,0 18.42329,-33.88916,0 18.42351,-33.88948,0 18.42373,-33.8898,0 18.42385,-33.89003,0 18.42407,-33.89045,0 18.4243,-33.89076,0 18.42441,-33.89104,0 18.42459,-33.89133,0 18.42469,-33.89159,0 18.42476,-33.89185,0 18.42493,-33.89222,0 18.42503,-33.8925,0 18.4251,-33.89282,0 18.42522,-33.89315,0 18.42531,-33.89342,0 18.42542,-33.89365,0 18.42558,-33.89397,0 18.42579,-33.89436,0 18.4259,-33.89468,0 18.42602,-33.89492,0 18.42626,-33.89529,0 18.42637,-33.89561,0 18.42653,-33.89589,0 18.42659,-33.89618,0 18.42676,-33.89653,0 18.42682,-33.8968,0 18.42693,-33.89711,0 18.42699,-33.89735,0 18.42705,-33.89757,0 18.42715,-33.89781,0 18.42715,-33.89804,0 18.42722,-33.89832,0 18.42728,-33.89859,0 18.42733,-33.89883,0 18.42733,-33.89911,0 18.42738,-33.89937,0 18.42739,-33.89962,0 18.42739,-33.89985,0 18.42743,-33.90005,0 18.42743,-33.90028,0 18.42745,-33.90051,0 18.42762,-33.90074,0 18.42788,-33.90083,0 18.42842,-33.90097,0 18.42882,-33.90102,0 18.42912,-33.90106,0 18.42934,-33.90106,0 18.42957,-33.90106,0 18.42979,-33.90111,0 18.43001,-33.90111,0 18.43031,-33.90111,0 18.43063,-33.90115,0 18.43091,-33.90115,0 18.4313,-33.90115,0 18.43157,-33.90115,0 18.43192,-33.90115,0 18.43248,-33.90106,0 18.43277,-33.90102,0 18.4331,-33.90097,0 18.43349,-33.90088,0 18.43414,-33.90074,0 18.43449,-33.90064,0 18.43477,-33.90055,0 18.43528,-33.90042,0 18.43557,-33.90027,0 18.43609,-33.90004,0 18.43637,-33.8999,0 18.4368,-33.89964,0 18.43719,-33.89937,0 18.43752,-33.89909,0 18.4382,-33.89845,0 18.43866,-33.89776,0 18.43906,-33.89711,0 18.43937,-33.89612,0 18.43954,-33.89502,0 18.43958,-33.89408,0 18.43952,-33.8932,0 18.43941,-33.89231,0 18.43906,-33.89091,0 18.43884,-33.89008,0 18.43843,-33.88887,0 18.43792,-33.8877,0 18.43741,-33.88655,0 18.43685,-33.88554,0 18.43618,-33.88445,0 18.43556,-33.88358,0 18.43472,-33.88252,0 18.43377,-33.88152,0 18.43306,-33.88076,0 18.43226,-33.88,0 18.43102,-33.87895,0 18.42991,-33.8782,0 18.42871,-33.87751,0 18.4276,-33.87689,0 18.42654,-33.87643,0 18.42547,-33.87593,0 18.42435,-33.87552,0 18.4229,-33.87502,0 18.42138,-33.87457,0 18.42047,-33.87429,0 18.41925,-33.87401,0 18.41763,-33.87364,0 18.41623,-33.87336,0 18.41499,-33.87323,0 18.41417,-33.87309,0 18.4123,-33.87291,0 18.4112,-33.87281,0 18.40988,-33.87276,0 18.40874,-33.87271,0 18.40742,-33.87273,0 18.40639,-33.87276,0 18.4049,-33.87286,0 18.40389,-33.87296,0 18.40279,-33.87309,0 18.40176,-33.87323,0 18.40073,-33.87341,0 18.39963,-33.87369,0 18.39844,-33.87402,0 18.39722,-33.87433,0 18.39598,-33.87467,0 18.39504,-33.87492,0 18.39408,-33.87524,0 18.39277,-33.87564,0 18.3918,-33.87597,0 18.39066,-33.87634,0 18.38945,-33.87685,0 18.38854,-33.87718,0 18.38741,-33.87767,0 18.38652,-33.87808,0 18.38523,-33.87872,0 18.38453,-33.87909,0 18.38327,-33.87974,0 18.38237,-33.88023,0 18.38175,-33.88051,0 18.38053,-33.88123,0 18.37951,-33.88179,0 18.37844,-33.88239,0 18.37766,-33.88284,0 18.37665,-33.88339,0 18.37587,-33.8839,0 18.37503,-33.8844,0 18.37389,-33.88509,0 18.37301,-33.88568,0 18.37217,-33.88626,0 18.37138,-33.88683,0 18.37046,-33.88747,0 18.36976,-33.88797,0 18.36909,-33.88852,0 18.36808,-33.8893,0 18.36735,-33.88989,0 18.36668,-33.89045,0 18.36599,-33.89101,0 18.36508,-33.89175,0 18.36421,-33.89246,0 18.36342,-33.89319,0 18.36264,-33.89383,0 18.36205,-33.89436,0 18.3613,-33.89506,0 18.36062,-33.89566,0 18.36006,-33.89612,0 18.3593,-33.89682,0 18.35872,-33.89745,0 18.3581,-33.89804,0 18.35737,-33.89882,0 18.3567,-33.89955,0 18.35592,-33.90032,0 18.35541,-33.90088,0 18.35466,-33.90162,0 18.35406,-33.90225,0 18.35339,-33.90294,0 18.35289,-33.90343,0 18.35197,-33.90442,0 18.35132,-33.90514,0 18.35072,-33.90577,0 18.35008,-33.90642,0 18.3494,-33.90716,0 18.34871,-33.90795,0 18.34801,-33.90866,0 18.34745,-33.90926,0 18.34661,-33.91008,0 18.34597,-33.9107,0 18.34551,-33.91116,0 18.34471,-33.912,0 18.34391,-33.91279,0 18.34345,-33.9133,0 18.34268,-33.9142,0 18.34202,-33.91494,0 18.3415,-33.91554,0 18.34082,-33.91633,0 18.34024,-33.91703,0 18.33954,-33.91791,0 18.33898,-33.91869,0 18.33837,-33.91946,0 18.33775,-33.92038,0 18.33727,-33.92103,0 18.33664,-33.92187,0 18.3359,-33.92289,0 18.33532,-33.92369,0 18.33484,-33.92436,0 18.33439,-33.92491,0 18.33355,-33.9261,0 18.3331,-33.92679,0 18.33246,-33.92764,0 18.33109,-33.92955,0 18.33058,-33.93022,0 18.32979,-33.93127,0 18.3292,-33.93197,0 18.32867,-33.93269,0 18.32805,-33.93352,0 18.32766,-33.93402,0 18.32682,-33.93512,0 18.3262,-33.9359,0 18.32582,-33.93644,0 18.32245,-33.94107,0 18.32108,-33.94305,0 18.32049,-33.94391,0 18.31987,-33.94477,0 18.31937,-33.9456,0 18.31879,-33.94645,0 18.31753,-33.94836,0 18.31701,-33.9492,0 18.31656,-33.94985,0 18.31589,-33.95082,0 18.31555,-33.95137,0 18.31347,-33.95441,0 18.3109,-33.95819,0 18.30854,-33.96186,0 18.30729,-33.96395,0 18.30637,-33.96572,0 18.30535,-33.96776,0 18.30442,-33.96973,0 18.30244,-33.97366,0 18.30064,-33.9776,0 18.29899,-33.98122,0 18.29655,-33.98355,0 18.29403,-33.98442,0 18.29035,-33.98458,0 18.28702,-33.98332,0 18.28526,-33.98183,0 18.28342,-33.97843,0 18.28372,-33.97472,0 18.28537,-33.97178,0 18.28737,-33.9694,0</coordinates>
      </LineString>
    </Placemark>
  </Document>
</kml>
